{ "type": "FeatureCollection", "features": [{"type":"Feature","geometry":null,"properties":{"board_tot":"54430","certified_tot":"54430","mailed_tot":"54430","mailed_bldg":"48219","board_land":"6211","certified_land":"6211","year":"2010","township_code":"19","board_bldg":"48219","township_name":"Lemont","class":"208","pin":"22354040140000","mailed_land":"6211","nbhd":"19060","certified_bldg":"48219"}},{"type":"Feature","geometry":null,"properties":{"board_tot":"58388","certified_tot":"58388","mailed_tot":"58388","mailed_bldg":"52177","board_land":"6211","certified_land":"6211","year":"2011","township_code":"19","board_bldg":"52177","township_name":"Lemont","class":"208","pin":"22354040140000","mailed_land":"6211","nbhd":"19060","certified_bldg":"52177"}},{"type":"Feature","geometry":null,"properties":{"board_tot":"58388","certified_tot":"58388","mailed_tot":"58388","mailed_bldg":"52177","board_land":"6211","certified_land":"6211","year":"2012","township_code":"19","board_bldg":"52177","township_name":"Lemont","class":"208","pin":"22354040140000","mailed_land":"6211","nbhd":"19060","certified_bldg":"52177"}},{"type":"Feature","geometry":null,"properties":{"board_tot":"58388","certified_tot":"58388","mailed_tot":"58388","mailed_bldg":"52177","board_land":"6211","certified_land":"6211","year":"2013","township_code":"19","board_bldg":"52177","township_name":"Lemont","class":"208","pin":"22354040140000","mailed_land":"6211","nbhd":"19060","certified_bldg":"52177"}},{"type":"Feature","geometry":null,"properties":{"board_tot":"52956","certified_tot":"52956","mailed_tot":"52956","mailed_bldg":"46745","board_land":"6211","certified_land":"6211","year":"2014","township_code":"19","board_bldg":"46745","township_name":"Lemont","class":"208","pin":"22354040140000","mailed_land":"6211","nbhd":"19060","certified_bldg":"46745"}},{"type":"Feature","geometry":null,"properties":{"board_tot":"42815","certified_tot":"47612","mailed_tot":"52956","mailed_bldg":"46745","board_land":"6211","certified_land":"6211","year":"2015","township_code":"19","board_bldg":"36604","township_name":"Lemont","class":"208","pin":"22354040140000","mailed_land":"6211","nbhd":"19060","certified_bldg":"41401"}},{"type":"Feature","geometry":null,"properties":{"board_tot":"41905","certified_tot":"42815","mailed_tot":"42815","mailed_bldg":"36604","board_land":"6211","certified_land":"6211","year":"2016","township_code":"19","board_bldg":"35694","township_name":"Lemont","class":"208","pin":"22354040140000","mailed_land":"6211","nbhd":"19060","certified_bldg":"36604"}},{"type":"Feature","geometry":null,"properties":{"board_tot":"47966","certified_tot":"52341","mailed_tot":"59883","mailed_bldg":"52119","board_land":"7764","certified_land":"7764","year":"2017","township_code":"19","board_bldg":"40202","township_name":"Lemont","class":"208","pin":"22354040140000","mailed_land":"7764","nbhd":"19060","certified_bldg":"44577"}},{"type":"Feature","geometry":null,"properties":{"board_tot":"45071","certified_tot":"47966","mailed_tot":"47966","mailed_bldg":"40202","board_land":"7764","certified_land":"7764","year":"2018","township_code":"19","board_bldg":"37307","township_name":"Lemont","class":"208","pin":"22354040140000","mailed_land":"7764","nbhd":"19060","certified_bldg":"40202"}},{"type":"Feature","geometry":null,"properties":{"board_tot":"45071","certified_tot":"45071","mailed_tot":"45071","mailed_bldg":"37307","board_land":"7764","certified_land":"7764","year":"2019","township_code":"19","board_bldg":"37307","township_name":"Lemont","class":"208","pin":"22354040140000","mailed_land":"7764","nbhd":"19060","certified_bldg":"37307"}},{"type":"Feature","geometry":null,"properties":{"board_tot":"44906","certified_tot":"47122","mailed_tot":"55234","mailed_bldg":"47470","board_land":"7765","certified_land":"7764","year":"2020","township_code":"19","board_bldg":"37141","township_name":"Lemont","class":"208","pin":"22354040140000","mailed_land":"7764","nbhd":"19060","certified_bldg":"39358"}},{"type":"Feature","geometry":null,"properties":{"board_tot":"44906","certified_tot":"44906","mailed_tot":"44906","mailed_bldg":"37141","board_land":"7765","certified_land":"7765","year":"2021","township_code":"19","board_bldg":"37141","township_name":"Lemont","class":"208","pin":"22354040140000","mailed_land":"7765","nbhd":"19060","certified_bldg":"37141"}},{"type":"Feature","geometry":null,"properties":{"board_tot":"44906","certified_tot":"44906","mailed_tot":"44906","mailed_bldg":"37141","board_land":"7765","certified_land":"7765","year":"2022","township_code":"19","board_bldg":"37141","township_name":"Lemont","class":"208","pin":"22354040140000","mailed_land":"7765","nbhd":"19060","certified_bldg":"37141"}},{"type":"Feature","geometry":null,"properties":{"board_tot":"64000","certified_tot":"64000","mailed_tot":"64000","mailed_bldg":"43812","board_land":"20188","certified_land":"20188","year":"2023","township_code":"19","board_bldg":"43812","township_name":"Lemont","class":"208","pin":"22354040140000","mailed_land":"20188","nbhd":"19060","certified_bldg":"43812"}},{"type":"Feature","geometry":null,"properties":{"board_tot":"39368","certified_tot":"39368","mailed_tot":"39368","mailed_bldg":"32725","board_land":"6643","certified_land":"6643","year":"1999","township_code":"19","board_bldg":"32725","township_name":"Lemont","class":"208","pin":"22354040150000","mailed_land":"6643","nbhd":"19060","certified_bldg":"32725"}},{"type":"Feature","geometry":null,"properties":{"board_tot":"39368","certified_tot":"39368","mailed_tot":"39368","mailed_bldg":"32725","board_land":"6643","certified_land":"6643","year":"2000","township_code":"19","board_bldg":"32725","township_name":"Lemont","class":"208","pin":"22354040150000","mailed_land":"6643","nbhd":"19060","certified_bldg":"32725"}},{"type":"Feature","geometry":null,"properties":{"board_tot":"39368","certified_tot":"39368","mailed_tot":"39368","mailed_bldg":"32725","board_land":"6643","certified_land":"6643","year":"2001","township_code":"19","board_bldg":"32725","township_name":"Lemont","class":"208","pin":"22354040150000","mailed_land":"6643","nbhd":"19060","certified_bldg":"32725"}},{"type":"Feature","geometry":null,"properties":{"board_tot":"45929","certified_tot":"48452","mailed_tot":"48452","mailed_bldg":"41809","board_land":"6643","certified_land":"6643","year":"2002","township_code":"19","board_bldg":"39286","township_name":"Lemont","class":"208","pin":"22354040150000","mailed_land":"6643","nbhd":"19060","certified_bldg":"41809"}},{"type":"Feature","geometry":null,"properties":{"board_tot":"45929","certified_tot":"45929","mailed_tot":"45929","mailed_bldg":"39286","board_land":"6643","certified_land":"6643","year":"2003","township_code":"19","board_bldg":"39286","township_name":"Lemont","class":"208","pin":"22354040150000","mailed_land":"6643","nbhd":"19060","certified_bldg":"39286"}},{"type":"Feature","geometry":null,"properties":{"board_tot":"45929","certified_tot":"45929","mailed_tot":"45929","mailed_bldg":"39286","board_land":"6643","certified_land":"6643","year":"2004","township_code":"19","board_bldg":"39286","township_name":"Lemont","class":"208","pin":"22354040150000","mailed_land":"6643","nbhd":"19060","certified_bldg":"39286"}},{"type":"Feature","geometry":null,"properties":{"board_tot":"52810","certified_tot":"56026","mailed_tot":"56026","mailed_bldg":"48792","board_land":"7234","certified_land":"7234","year":"2005","township_code":"19","board_bldg":"45576","township_name":"Lemont","class":"208","pin":"22354040150000","mailed_land":"7234","nbhd":"19060","certified_bldg":"48792"}},{"type":"Feature","geometry":null,"properties":{"board_tot":"52810","certified_tot":"52810","mailed_tot":"52810","mailed_bldg":"45576","board_land":"7234","certified_land":"7234","year":"2006","township_code":"19","board_bldg":"45576","township_name":"Lemont","class":"208","pin":"22354040150000","mailed_land":"7234","nbhd":"19060","certified_bldg":"45576"}},{"type":"Feature","geometry":null,"properties":{"board_tot":"52810","certified_tot":"52810","mailed_tot":"52810","mailed_bldg":"45576","board_land":"7234","certified_land":"7234","year":"2007","township_code":"19","board_bldg":"45576","township_name":"Lemont","class":"208","pin":"22354040150000","mailed_land":"7234","nbhd":"19060","certified_bldg":"45576"}},{"type":"Feature","geometry":null,"properties":{"board_tot":"62612","certified_tot":"65246","mailed_tot":"65246","mailed_bldg":"42338","board_land":"22908","certified_land":"22908","year":"2008","township_code":"19","board_bldg":"39704","township_name":"Lemont","class":"208","pin":"22354040150000","mailed_land":"22908","nbhd":"19060","certified_bldg":"42338"}},{"type":"Feature","geometry":null,"properties":{"board_tot":"59481","certified_tot":"59481","mailed_tot":"59481","mailed_bldg":"45164","board_land":"14317","certified_land":"14317","year":"2009","township_code":"19","board_bldg":"45164","township_name":"Lemont","class":"208","pin":"22354040150000","mailed_land":"14317","nbhd":"19060","certified_bldg":"45164"}},{"type":"Feature","geometry":null,"properties":{"board_tot":"59481","certified_tot":"59481","mailed_tot":"59481","mailed_bldg":"45164","board_land":"14317","certified_land":"14317","year":"2010","township_code":"19","board_bldg":"45164","township_name":"Lemont","class":"208","pin":"22354040150000","mailed_land":"14317","nbhd":"19060","certified_bldg":"45164"}},{"type":"Feature","geometry":null,"properties":{"board_tot":"58824","certified_tot":"58824","mailed_tot":"58824","mailed_bldg":"44507","board_land":"14317","certified_land":"14317","year":"2011","township_code":"19","board_bldg":"44507","township_name":"Lemont","class":"208","pin":"22354040150000","mailed_land":"14317","nbhd":"19060","certified_bldg":"44507"}},{"type":"Feature","geometry":null,"properties":{"board_tot":"52585","certified_tot":"58824","mailed_tot":"58824","mailed_bldg":"44507","board_land":"14317","certified_land":"14317","year":"2012","township_code":"19","board_bldg":"38268","township_name":"Lemont","class":"208","pin":"22354040150000","mailed_land":"14317","nbhd":"19060","certified_bldg":"44507"}},{"type":"Feature","geometry":null,"properties":{"board_tot":"52585","certified_tot":"52585","mailed_tot":"52585","mailed_bldg":"38268","board_land":"14317","certified_land":"14317","year":"2013","township_code":"19","board_bldg":"38268","township_name":"Lemont","class":"208","pin":"22354040150000","mailed_land":"14317","nbhd":"19060","certified_bldg":"38268"}},{"type":"Feature","geometry":null,"properties":{"board_tot":"51395","certified_tot":"51395","mailed_tot":"51395","mailed_bldg":"37078","board_land":"14317","certified_land":"14317","year":"2014","township_code":"19","board_bldg":"37078","township_name":"Lemont","class":"208","pin":"22354040150000","mailed_land":"14317","nbhd":"19060","certified_bldg":"37078"}},{"type":"Feature","geometry":null,"properties":{"board_tot":"51395","certified_tot":"51395","mailed_tot":"51395","mailed_bldg":"37078","board_land":"14317","certified_land":"14317","year":"2015","township_code":"19","board_bldg":"37078","township_name":"Lemont","class":"208","pin":"22354040150000","mailed_land":"14317","nbhd":"19060","certified_bldg":"37078"}},{"type":"Feature","geometry":null,"properties":{"board_tot":"51395","certified_tot":"51395","mailed_tot":"51395","mailed_bldg":"37078","board_land":"14317","certified_land":"14317","year":"2016","township_code":"19","board_bldg":"37078","township_name":"Lemont","class":"208","pin":"22354040150000","mailed_land":"14317","nbhd":"19060","certified_bldg":"37078"}},{"type":"Feature","geometry":null,"properties":{"board_tot":"54688","certified_tot":"54688","mailed_tot":"58476","mailed_bldg":"41144","board_land":"17332","certified_land":"17332","year":"2017","township_code":"19","board_bldg":"37356","township_name":"Lemont","class":"208","pin":"22354040150000","mailed_land":"17332","nbhd":"19060","certified_bldg":"37356"}},{"type":"Feature","geometry":null,"properties":{"board_tot":"54688","certified_tot":"54688","mailed_tot":"54688","mailed_bldg":"37356","board_land":"17332","certified_land":"17332","year":"2018","township_code":"19","board_bldg":"37356","township_name":"Lemont","class":"208","pin":"22354040150000","mailed_land":"17332","nbhd":"19060","certified_bldg":"37356"}},{"type":"Feature","geometry":null,"properties":{"board_tot":"54688","certified_tot":"54688","mailed_tot":"54688","mailed_bldg":"37356","board_land":"17332","certified_land":"17332","year":"2019","township_code":"19","board_bldg":"37356","township_name":"Lemont","class":"208","pin":"22354040150000","mailed_land":"17332","nbhd":"19060","certified_bldg":"37356"}},{"type":"Feature","geometry":null,"properties":{"board_tot":"52110","certified_tot":"54705","mailed_tot":"54705","mailed_bldg":"37373","board_land":"17332","certified_land":"17332","year":"2020","township_code":"19","board_bldg":"34778","township_name":"Lemont","class":"208","pin":"22354040150000","mailed_land":"17332","nbhd":"19060","certified_bldg":"37373"}},{"type":"Feature","geometry":null,"properties":{"board_tot":"52110","certified_tot":"52110","mailed_tot":"52110","mailed_bldg":"34778","board_land":"17332","certified_land":"17332","year":"2021","township_code":"19","board_bldg":"34778","township_name":"Lemont","class":"208","pin":"22354040150000","mailed_land":"17332","nbhd":"19060","certified_bldg":"34778"}},{"type":"Feature","geometry":null,"properties":{"board_tot":"52110","certified_tot":"52110","mailed_tot":"52110","mailed_bldg":"34778","board_land":"17332","certified_land":"17332","year":"2022","township_code":"19","board_bldg":"34778","township_name":"Lemont","class":"208","pin":"22354040150000","mailed_land":"17332","nbhd":"19060","certified_bldg":"34778"}},{"type":"Feature","geometry":null,"properties":{"board_tot":"63281","certified_tot":"66000","mailed_tot":"66000","mailed_bldg":"46407","board_land":"19593","certified_land":"19593","year":"2023","township_code":"19","board_bldg":"43688","township_name":"Lemont","class":"208","pin":"22354040150000","mailed_land":"19593","nbhd":"19060","certified_bldg":"46407"}},{"type":"Feature","geometry":null,"properties":{"board_tot":"10084","certified_tot":"10084","mailed_tot":"10084","mailed_bldg":"0","board_land":"10084","certified_land":"10084","year":"1999","township_code":"19","board_bldg":"0","township_name":"Lemont","class":"100","pin":"22354040160000","mailed_land":"10084","nbhd":"19060","certified_bldg":"0"}},{"type":"Feature","geometry":null,"properties":{"board_tot":"22915","certified_tot":"22915","mailed_tot":"22915","mailed_bldg":"15581","board_land":"7334","certified_land":"7334","year":"2000","township_code":"19","board_bldg":"15581","township_name":"Lemont","class":"208","pin":"22354040160000","mailed_land":"7334","nbhd":"19060","certified_bldg":"15581"}},{"type":"Feature","geometry":null,"properties":{"board_tot":"44431","certified_tot":"44431","mailed_tot":"44431","mailed_bldg":"37097","board_land":"7334","certified_land":"7334","year":"2001","township_code":"19","board_bldg":"37097","township_name":"Lemont","class":"208","pin":"22354040160000","mailed_land":"7334","nbhd":"19060","certified_bldg":"37097"}},{"type":"Feature","geometry":null,"properties":{"board_tot":"52821","certified_tot":"52821","mailed_tot":"52821","mailed_bldg":"45487","board_land":"7334","certified_land":"7334","year":"2002","township_code":"19","board_bldg":"45487","township_name":"Lemont","class":"208","pin":"22354040160000","mailed_land":"7334","nbhd":"19060","certified_bldg":"45487"}},{"type":"Feature","geometry":null,"properties":{"board_tot":"52821","certified_tot":"52821","mailed_tot":"52821","mailed_bldg":"45487","board_land":"7334","certified_land":"7334","year":"2003","township_code":"19","board_bldg":"45487","township_name":"Lemont","class":"208","pin":"22354040160000","mailed_land":"7334","nbhd":"19060","certified_bldg":"45487"}},{"type":"Feature","geometry":null,"properties":{"board_tot":"52821","certified_tot":"52821","mailed_tot":"52821","mailed_bldg":"45487","board_land":"7334","certified_land":"7334","year":"2004","township_code":"19","board_bldg":"45487","township_name":"Lemont","class":"208","pin":"22354040160000","mailed_land":"7334","nbhd":"19060","certified_bldg":"45487"}},{"type":"Feature","geometry":null,"properties":{"board_tot":"59689","certified_tot":"59689","mailed_tot":"59689","mailed_bldg":"51703","board_land":"7986","certified_land":"7986","year":"2005","township_code":"19","board_bldg":"51703","township_name":"Lemont","class":"208","pin":"22354040160000","mailed_land":"7986","nbhd":"19060","certified_bldg":"51703"}},{"type":"Feature","geometry":null,"properties":{"board_tot":"59689","certified_tot":"59689","mailed_tot":"59689","mailed_bldg":"51703","board_land":"7986","certified_land":"7986","year":"2006","township_code":"19","board_bldg":"51703","township_name":"Lemont","class":"208","pin":"22354040160000","mailed_land":"7986","nbhd":"19060","certified_bldg":"51703"}},{"type":"Feature","geometry":null,"properties":{"board_tot":"59689","certified_tot":"59689","mailed_tot":"59689","mailed_bldg":"51703","board_land":"7986","certified_land":"7986","year":"2007","township_code":"19","board_bldg":"51703","township_name":"Lemont","class":"208","pin":"22354040160000","mailed_land":"7986","nbhd":"19060","certified_bldg":"51703"}},{"type":"Feature","geometry":null,"properties":{"board_tot":"70262","certified_tot":"70262","mailed_tot":"70262","mailed_bldg":"59613","board_land":"10649","certified_land":"10649","year":"2008","township_code":"19","board_bldg":"59613","township_name":"Lemont","class":"208","pin":"22354040160000","mailed_land":"10649","nbhd":"19060","certified_bldg":"59613"}},{"type":"Feature","geometry":null,"properties":{"board_tot":"66749","certified_tot":"66749","mailed_tot":"66749","mailed_bldg":"60094","board_land":"6655","certified_land":"6655","year":"2009","township_code":"19","board_bldg":"60094","township_name":"Lemont","class":"208","pin":"22354040160000","mailed_land":"6655","nbhd":"19060","certified_bldg":"60094"}},{"type":"Feature","geometry":null,"properties":{"board_tot":"66749","certified_tot":"66749","mailed_tot":"66749","mailed_bldg":"60094","board_land":"6655","certified_land":"6655","year":"2010","township_code":"19","board_bldg":"60094","township_name":"Lemont","class":"208","pin":"22354040160000","mailed_land":"6655","nbhd":"19060","certified_bldg":"60094"}},{"type":"Feature","geometry":null,"properties":{"board_tot":"55739","certified_tot":"64219","mailed_tot":"64219","mailed_bldg":"57564","board_land":"6655","certified_land":"6655","year":"2011","township_code":"19","board_bldg":"49084","township_name":"Lemont","class":"208","pin":"22354040160000","mailed_land":"6655","nbhd":"19060","certified_bldg":"57564"}},{"type":"Feature","geometry":null,"properties":{"board_tot":"55739","certified_tot":"55739","mailed_tot":"55739","mailed_bldg":"49084","board_land":"6655","certified_land":"6655","year":"2012","township_code":"19","board_bldg":"49084","township_name":"Lemont","class":"208","pin":"22354040160000","mailed_land":"6655","nbhd":"19060","certified_bldg":"49084"}},{"type":"Feature","geometry":null,"properties":{"board_tot":"55739","certified_tot":"55739","mailed_tot":"55739","mailed_bldg":"49084","board_land":"6655","certified_land":"6655","year":"2013","township_code":"19","board_bldg":"49084","township_name":"Lemont","class":"208","pin":"22354040160000","mailed_land":"6655","nbhd":"19060","certified_bldg":"49084"}},{"type":"Feature","geometry":null,"properties":{"board_tot":"52699","certified_tot":"52699","mailed_tot":"55787","mailed_bldg":"49132","board_land":"6655","certified_land":"6655","year":"2014","township_code":"19","board_bldg":"46044","township_name":"Lemont","class":"208","pin":"22354040160000","mailed_land":"6655","nbhd":"19060","certified_bldg":"46044"}},{"type":"Feature","geometry":null,"properties":{"board_tot":"52699","certified_tot":"52699","mailed_tot":"52699","mailed_bldg":"46044","board_land":"6655","certified_land":"6655","year":"2015","township_code":"19","board_bldg":"46044","township_name":"Lemont","class":"208","pin":"22354040160000","mailed_land":"6655","nbhd":"19060","certified_bldg":"46044"}},{"type":"Feature","geometry":null,"properties":{"board_tot":"46823","certified_tot":"48596","mailed_tot":"52699","mailed_bldg":"46044","board_land":"6655","certified_land":"6655","year":"2016","township_code":"19","board_bldg":"40168","township_name":"Lemont","class":"208","pin":"22354040160000","mailed_land":"6655","nbhd":"19060","certified_bldg":"41941"}},{"type":"Feature","geometry":null,"properties":{"board_tot":"58044","certified_tot":"58044","mailed_tot":"62368","mailed_bldg":"54049","board_land":"8319","certified_land":"8319","year":"2017","township_code":"19","board_bldg":"49725","township_name":"Lemont","class":"208","pin":"22354040160000","mailed_land":"8319","nbhd":"19060","certified_bldg":"49725"}},{"type":"Feature","geometry":null,"properties":{"board_tot":"53127","certified_tot":"58044","mailed_tot":"58044","mailed_bldg":"49725","board_land":"8319","certified_land":"8319","year":"2018","township_code":"19","board_bldg":"44808","township_name":"Lemont","class":"208","pin":"22354040160000","mailed_land":"8319","nbhd":"19060","certified_bldg":"49725"}},{"type":"Feature","geometry":null,"properties":{"board_tot":"53127","certified_tot":"53127","mailed_tot":"53127","mailed_bldg":"44808","board_land":"8319","certified_land":"8319","year":"2019","township_code":"19","board_bldg":"44808","township_name":"Lemont","class":"208","pin":"22354040160000","mailed_land":"8319","nbhd":"19060","certified_bldg":"44808"}},{"type":"Feature","geometry":null,"properties":{"board_tot":"50398","certified_tot":"57105","mailed_tot":"57105","mailed_bldg":"48786","board_land":"8320","certified_land":"8319","year":"2020","township_code":"19","board_bldg":"42078","township_name":"Lemont","class":"208","pin":"22354040160000","mailed_land":"8319","nbhd":"19060","certified_bldg":"48786"}},{"type":"Feature","geometry":null,"properties":{"board_tot":"50398","certified_tot":"50398","mailed_tot":"50398","mailed_bldg":"42078","board_land":"8320","certified_land":"8320","year":"2021","township_code":"19","board_bldg":"42078","township_name":"Lemont","class":"208","pin":"22354040160000","mailed_land":"8320","nbhd":"19060","certified_bldg":"42078"}},{"type":"Feature","geometry":null,"properties":{"board_tot":"50398","certified_tot":"50398","mailed_tot":"50398","mailed_bldg":"42078","board_land":"8320","certified_land":"8320","year":"2022","township_code":"19","board_bldg":"42078","township_name":"Lemont","class":"208","pin":"22354040160000","mailed_land":"8320","nbhd":"19060","certified_bldg":"42078"}},{"type":"Feature","geometry":null,"properties":{"board_tot":"72984","certified_tot":"74000","mailed_tot":"74000","mailed_bldg":"52369","board_land":"21631","certified_land":"21631","year":"2023","township_code":"19","board_bldg":"51353","township_name":"Lemont","class":"208","pin":"22354040160000","mailed_land":"21631","nbhd":"19060","certified_bldg":"52369"}},{"type":"Feature","geometry":null,"properties":{"board_tot":"37981","certified_tot":"37981","mailed_tot":"37981","mailed_bldg":"31367","board_land":"6614","certified_land":"6614","year":"1999","township_code":"19","board_bldg":"31367","township_name":"Lemont","class":"208","pin":"22354050010000","mailed_land":"6614","nbhd":"19060","certified_bldg":"31367"}},{"type":"Feature","geometry":null,"properties":{"board_tot":"37981","certified_tot":"37981","mailed_tot":"37981","mailed_bldg":"31367","board_land":"6614","certified_land":"6614","year":"2000","township_code":"19","board_bldg":"31367","township_name":"Lemont","class":"208","pin":"22354050010000","mailed_land":"6614","nbhd":"19060","certified_bldg":"31367"}},{"type":"Feature","geometry":null,"properties":{"board_tot":"37981","certified_tot":"37981","mailed_tot":"37981","mailed_bldg":"31367","board_land":"6614","certified_land":"6614","year":"2001","township_code":"19","board_bldg":"31367","township_name":"Lemont","class":"208","pin":"22354050010000","mailed_land":"6614","nbhd":"19060","certified_bldg":"31367"}},{"type":"Feature","geometry":null,"properties":{"board_tot":"46481","certified_tot":"46481","mailed_tot":"46481","mailed_bldg":"39867","board_land":"6614","certified_land":"6614","year":"2002","township_code":"19","board_bldg":"39867","township_name":"Lemont","class":"208","pin":"22354050010000","mailed_land":"6614","nbhd":"19060","certified_bldg":"39867"}},{"type":"Feature","geometry":null,"properties":{"board_tot":"46481","certified_tot":"46481","mailed_tot":"46481","mailed_bldg":"39867","board_land":"6614","certified_land":"6614","year":"2003","township_code":"19","board_bldg":"39867","township_name":"Lemont","class":"208","pin":"22354050010000","mailed_land":"6614","nbhd":"19060","certified_bldg":"39867"}},{"type":"Feature","geometry":null,"properties":{"board_tot":"46481","certified_tot":"46481","mailed_tot":"46481","mailed_bldg":"39867","board_land":"6614","certified_land":"6614","year":"2004","township_code":"19","board_bldg":"39867","township_name":"Lemont","class":"208","pin":"22354050010000","mailed_land":"6614","nbhd":"19060","certified_bldg":"39867"}},{"type":"Feature","geometry":null,"properties":{"board_tot":"54626","certified_tot":"54626","mailed_tot":"54626","mailed_bldg":"47424","board_land":"7202","certified_land":"7202","year":"2005","township_code":"19","board_bldg":"47424","township_name":"Lemont","class":"278","pin":"22354050010000","mailed_land":"7202","nbhd":"19060","certified_bldg":"47424"}},{"type":"Feature","geometry":null,"properties":{"board_tot":"54626","certified_tot":"54626","mailed_tot":"54626","mailed_bldg":"47424","board_land":"7202","certified_land":"7202","year":"2006","township_code":"19","board_bldg":"47424","township_name":"Lemont","class":"278","pin":"22354050010000","mailed_land":"7202","nbhd":"19060","certified_bldg":"47424"}},{"type":"Feature","geometry":null,"properties":{"board_tot":"54626","certified_tot":"54626","mailed_tot":"54626","mailed_bldg":"47424","board_land":"7202","certified_land":"7202","year":"2007","township_code":"19","board_bldg":"47424","township_name":"Lemont","class":"278","pin":"22354050010000","mailed_land":"7202","nbhd":"19060","certified_bldg":"47424"}},{"type":"Feature","geometry":null,"properties":{"board_tot":"63120","certified_tot":"63120","mailed_tot":"63120","mailed_bldg":"40311","board_land":"22809","certified_land":"22809","year":"2008","township_code":"19","board_bldg":"40311","township_name":"Lemont","class":"278","pin":"22354050010000","mailed_land":"22809","nbhd":"19060","certified_bldg":"40311"}},{"type":"Feature","geometry":null,"properties":{"board_tot":"59965","certified_tot":"59965","mailed_tot":"59965","mailed_bldg":"45710","board_land":"14255","certified_land":"14255","year":"2009","township_code":"19","board_bldg":"45710","township_name":"Lemont","class":"278","pin":"22354050010000","mailed_land":"14255","nbhd":"19060","certified_bldg":"45710"}},{"type":"Feature","geometry":null,"properties":{"board_tot":"54622","certified_tot":"59965","mailed_tot":"59965","mailed_bldg":"45710","board_land":"14255","certified_land":"14255","year":"2010","township_code":"19","board_bldg":"40367","township_name":"Lemont","class":"278","pin":"22354050010000","mailed_land":"14255","nbhd":"19060","certified_bldg":"45710"}},{"type":"Feature","geometry":null,"properties":{"board_tot":"50733","certified_tot":"50733","mailed_tot":"50733","mailed_bldg":"36478","board_land":"14255","certified_land":"14255","year":"2011","township_code":"19","board_bldg":"36478","township_name":"Lemont","class":"278","pin":"22354050010000","mailed_land":"14255","nbhd":"19060","certified_bldg":"36478"}},{"type":"Feature","geometry":null,"properties":{"board_tot":"50733","certified_tot":"50733","mailed_tot":"50733","mailed_bldg":"36478","board_land":"14255","certified_land":"14255","year":"2012","township_code":"19","board_bldg":"36478","township_name":"Lemont","class":"278","pin":"22354050010000","mailed_land":"14255","nbhd":"19060","certified_bldg":"36478"}},{"type":"Feature","geometry":null,"properties":{"board_tot":"50733","certified_tot":"50733","mailed_tot":"50733","mailed_bldg":"36478","board_land":"14255","certified_land":"14255","year":"2013","township_code":"19","board_bldg":"36478","township_name":"Lemont","class":"278","pin":"22354050010000","mailed_land":"14255","nbhd":"19060","certified_bldg":"36478"}},{"type":"Feature","geometry":null,"properties":{"board_tot":"47978","certified_tot":"47978","mailed_tot":"47978","mailed_bldg":"33723","board_land":"14255","certified_land":"14255","year":"2014","township_code":"19","board_bldg":"33723","township_name":"Lemont","class":"278","pin":"22354050010000","mailed_land":"14255","nbhd":"19060","certified_bldg":"33723"}},{"type":"Feature","geometry":null,"properties":{"board_tot":"47978","certified_tot":"47978","mailed_tot":"47978","mailed_bldg":"33723","board_land":"14255","certified_land":"14255","year":"2015","township_code":"19","board_bldg":"33723","township_name":"Lemont","class":"278","pin":"22354050010000","mailed_land":"14255","nbhd":"19060","certified_bldg":"33723"}},{"type":"Feature","geometry":null,"properties":{"board_tot":"47978","certified_tot":"47978","mailed_tot":"47978","mailed_bldg":"33723","board_land":"14255","certified_land":"14255","year":"2016","township_code":"19","board_bldg":"33723","township_name":"Lemont","class":"278","pin":"22354050010000","mailed_land":"14255","nbhd":"19060","certified_bldg":"33723"}},{"type":"Feature","geometry":null,"properties":{"board_tot":"50412","certified_tot":"50412","mailed_tot":"50412","mailed_bldg":"33156","board_land":"17256","certified_land":"17256","year":"2017","township_code":"19","board_bldg":"33156","township_name":"Lemont","class":"278","pin":"22354050010000","mailed_land":"17256","nbhd":"19060","certified_bldg":"33156"}},{"type":"Feature","geometry":null,"properties":{"board_tot":"50412","certified_tot":"50412","mailed_tot":"50412","mailed_bldg":"33156","board_land":"17256","certified_land":"17256","year":"2018","township_code":"19","board_bldg":"33156","township_name":"Lemont","class":"278","pin":"22354050010000","mailed_land":"17256","nbhd":"19060","certified_bldg":"33156"}},{"type":"Feature","geometry":null,"properties":{"board_tot":"50412","certified_tot":"50412","mailed_tot":"50412","mailed_bldg":"33156","board_land":"17256","certified_land":"17256","year":"2019","township_code":"19","board_bldg":"33156","township_name":"Lemont","class":"278","pin":"22354050010000","mailed_land":"17256","nbhd":"19060","certified_bldg":"33156"}},{"type":"Feature","geometry":null,"properties":{"board_tot":"47051","certified_tot":"47051","mailed_tot":"47051","mailed_bldg":"29795","board_land":"17256","certified_land":"17256","year":"2020","township_code":"19","board_bldg":"29795","township_name":"Lemont","class":"278","pin":"22354050010000","mailed_land":"17256","nbhd":"19060","certified_bldg":"29795"}},{"type":"Feature","geometry":null,"properties":{"board_tot":"47052","certified_tot":"47052","mailed_tot":"47052","mailed_bldg":"29795","board_land":"17257","certified_land":"17257","year":"2021","township_code":"19","board_bldg":"29795","township_name":"Lemont","class":"278","pin":"22354050010000","mailed_land":"17257","nbhd":"19060","certified_bldg":"29795"}},{"type":"Feature","geometry":null,"properties":{"board_tot":"47052","certified_tot":"47052","mailed_tot":"47052","mailed_bldg":"29795","board_land":"17257","certified_land":"17257","year":"2022","township_code":"19","board_bldg":"29795","township_name":"Lemont","class":"278","pin":"22354050010000","mailed_land":"17257","nbhd":"19060","certified_bldg":"29795"}},{"type":"Feature","geometry":null,"properties":{"board_tot":"59099","certified_tot":"62000","mailed_tot":"62000","mailed_bldg":"42492","board_land":"19508","certified_land":"19508","year":"2023","township_code":"19","board_bldg":"39591","township_name":"Lemont","class":"278","pin":"22354050010000","mailed_land":"19508","nbhd":"19060","certified_bldg":"42492"}},{"type":"Feature","geometry":null,"properties":{"board_tot":"0.0","certified_tot":"0.0","mailed_tot":"0.0","mailed_bldg":"0.0","board_land":"0.0","certified_land":"0.0","year":"2024","township_code":"23","board_bldg":"0.0","township_name":"New Trier","class":"EX","pin":"05282120130000","mailed_land":"0.0","nbhd":"23110","certified_bldg":"0.0"}},{"type":"Feature","geometry":null,"properties":{"board_tot":"31598","certified_tot":"31598","mailed_tot":"31598","mailed_bldg":"24706","board_land":"6892","certified_land":"6892","year":"1999","township_code":"19","board_bldg":"24706","township_name":"Lemont","class":"204","pin":"22354050020000","mailed_land":"6892","nbhd":"19060","certified_bldg":"24706"}},{"type":"Feature","geometry":null,"properties":{"board_tot":"31598","certified_tot":"31598","mailed_tot":"31598","mailed_bldg":"24706","board_land":"6892","certified_land":"6892","year":"2000","township_code":"19","board_bldg":"24706","township_name":"Lemont","class":"204","pin":"22354050020000","mailed_land":"6892","nbhd":"19060","certified_bldg":"24706"}},{"type":"Feature","geometry":null,"properties":{"board_tot":"31598","certified_tot":"31598","mailed_tot":"31598","mailed_bldg":"24706","board_land":"6892","certified_land":"6892","year":"2001","township_code":"19","board_bldg":"24706","township_name":"Lemont","class":"204","pin":"22354050020000","mailed_land":"6892","nbhd":"19060","certified_bldg":"24706"}},{"type":"Feature","geometry":null,"properties":{"board_tot":"39466","certified_tot":"39466","mailed_tot":"39466","mailed_bldg":"32574","board_land":"6892","certified_land":"6892","year":"2002","township_code":"19","board_bldg":"32574","township_name":"Lemont","class":"204","pin":"22354050020000","mailed_land":"6892","nbhd":"19060","certified_bldg":"32574"}},{"type":"Feature","geometry":null,"properties":{"board_tot":"39466","certified_tot":"39466","mailed_tot":"39466","mailed_bldg":"32574","board_land":"6892","certified_land":"6892","year":"2003","township_code":"19","board_bldg":"32574","township_name":"Lemont","class":"204","pin":"22354050020000","mailed_land":"6892","nbhd":"19060","certified_bldg":"32574"}},{"type":"Feature","geometry":null,"properties":{"board_tot":"39466","certified_tot":"39466","mailed_tot":"39466","mailed_bldg":"32574","board_land":"6892","certified_land":"6892","year":"2004","township_code":"19","board_bldg":"32574","township_name":"Lemont","class":"204","pin":"22354050020000","mailed_land":"6892","nbhd":"19060","certified_bldg":"32574"}},{"type":"Feature","geometry":null,"properties":{"board_tot":"50872","certified_tot":"51582","mailed_tot":"51582","mailed_bldg":"44076","board_land":"7506","certified_land":"7506","year":"2005","township_code":"19","board_bldg":"43366","township_name":"Lemont","class":"204","pin":"22354050020000","mailed_land":"7506","nbhd":"19060","certified_bldg":"44076"}},{"type":"Feature","geometry":null,"properties":{"board_tot":"50872","certified_tot":"50872","mailed_tot":"50872","mailed_bldg":"43366","board_land":"7506","certified_land":"7506","year":"2006","township_code":"19","board_bldg":"43366","township_name":"Lemont","class":"204","pin":"22354050020000","mailed_land":"7506","nbhd":"19060","certified_bldg":"43366"}},{"type":"Feature","geometry":null,"properties":{"board_tot":"50872","certified_tot":"50872","mailed_tot":"50872","mailed_bldg":"43366","board_land":"7506","certified_land":"7506","year":"2007","township_code":"19","board_bldg":"43366","township_name":"Lemont","class":"204","pin":"22354050020000","mailed_land":"7506","nbhd":"19060","certified_bldg":"43366"}},{"type":"Feature","geometry":null,"properties":{"board_tot":"54834","certified_tot":"54834","mailed_tot":"54834","mailed_bldg":"44826","board_land":"10008","certified_land":"10008","year":"2008","township_code":"19","board_bldg":"44826","township_name":"Lemont","class":"204","pin":"22354050020000","mailed_land":"10008","nbhd":"19060","certified_bldg":"44826"}},{"type":"Feature","geometry":null,"properties":{"board_tot":"52093","certified_tot":"52093","mailed_tot":"52093","mailed_bldg":"45838","board_land":"6255","certified_land":"6255","year":"2009","township_code":"19","board_bldg":"45838","township_name":"Lemont","class":"204","pin":"22354050020000","mailed_land":"6255","nbhd":"19060","certified_bldg":"45838"}},{"type":"Feature","geometry":null,"properties":{"board_tot":"52093","certified_tot":"52093","mailed_tot":"52093","mailed_bldg":"45838","board_land":"6255","certified_land":"6255","year":"2010","township_code":"19","board_bldg":"45838","township_name":"Lemont","class":"204","pin":"22354050020000","mailed_land":"6255","nbhd":"19060","certified_bldg":"45838"}},{"type":"Feature","geometry":null,"properties":{"board_tot":"41613","certified_tot":"41613","mailed_tot":"46693","mailed_bldg":"40438","board_land":"6255","certified_land":"6255","year":"2011","township_code":"19","board_bldg":"35358","township_name":"Lemont","class":"204","pin":"22354050020000","mailed_land":"6255","nbhd":"19060","certified_bldg":"35358"}},{"type":"Feature","geometry":null,"properties":{"board_tot":"41613","certified_tot":"41613","mailed_tot":"41613","mailed_bldg":"35358","board_land":"6255","certified_land":"6255","year":"2012","township_code":"19","board_bldg":"35358","township_name":"Lemont","class":"204","pin":"22354050020000","mailed_land":"6255","nbhd":"19060","certified_bldg":"35358"}},{"type":"Feature","geometry":null,"properties":{"board_tot":"41613","certified_tot":"41613","mailed_tot":"41613","mailed_bldg":"35358","board_land":"6255","certified_land":"6255","year":"2013","township_code":"19","board_bldg":"35358","township_name":"Lemont","class":"204","pin":"22354050020000","mailed_land":"6255","nbhd":"19060","certified_bldg":"35358"}},{"type":"Feature","geometry":null,"properties":{"board_tot":"38484","certified_tot":"38484","mailed_tot":"42539","mailed_bldg":"36284","board_land":"6255","certified_land":"6255","year":"2014","township_code":"19","board_bldg":"32229","township_name":"Lemont","class":"204","pin":"22354050020000","mailed_land":"6255","nbhd":"19060","certified_bldg":"32229"}},{"type":"Feature","geometry":null,"properties":{"board_tot":"38484","certified_tot":"38484","mailed_tot":"38484","mailed_bldg":"32229","board_land":"6255","certified_land":"6255","year":"2015","township_code":"19","board_bldg":"32229","township_name":"Lemont","class":"204","pin":"22354050020000","mailed_land":"6255","nbhd":"19060","certified_bldg":"32229"}},{"type":"Feature","geometry":null,"properties":{"board_tot":"38484","certified_tot":"38484","mailed_tot":"38484","mailed_bldg":"32229","board_land":"6255","certified_land":"6255","year":"2016","township_code":"19","board_bldg":"32229","township_name":"Lemont","class":"204","pin":"22354050020000","mailed_land":"6255","nbhd":"19060","certified_bldg":"32229"}},{"type":"Feature","geometry":null,"properties":{"board_tot":"42545","certified_tot":"42545","mailed_tot":"49351","mailed_bldg":"41532","board_land":"7819","certified_land":"7819","year":"2017","township_code":"19","board_bldg":"34726","township_name":"Lemont","class":"204","pin":"22354050020000","mailed_land":"7819","nbhd":"19060","certified_bldg":"34726"}},{"type":"Feature","geometry":null,"properties":{"board_tot":"42545","certified_tot":"42545","mailed_tot":"42545","mailed_bldg":"34726","board_land":"7819","certified_land":"7819","year":"2018","township_code":"19","board_bldg":"34726","township_name":"Lemont","class":"204","pin":"22354050020000","mailed_land":"7819","nbhd":"19060","certified_bldg":"34726"}},{"type":"Feature","geometry":null,"properties":{"board_tot":"42545","certified_tot":"42545","mailed_tot":"42545","mailed_bldg":"34726","board_land":"7819","certified_land":"7819","year":"2019","township_code":"19","board_bldg":"34726","township_name":"Lemont","class":"204","pin":"22354050020000","mailed_land":"7819","nbhd":"19060","certified_bldg":"34726"}},{"type":"Feature","geometry":null,"properties":{"board_tot":"38492","certified_tot":"46143","mailed_tot":"46143","mailed_bldg":"38324","board_land":"7819","certified_land":"7819","year":"2020","township_code":"19","board_bldg":"30673","township_name":"Lemont","class":"204","pin":"22354050020000","mailed_land":"7819","nbhd":"19060","certified_bldg":"38324"}},{"type":"Feature","geometry":null,"properties":{"board_tot":"38492","certified_tot":"38492","mailed_tot":"38492","mailed_bldg":"30673","board_land":"7819","certified_land":"7819","year":"2021","township_code":"19","board_bldg":"30673","township_name":"Lemont","class":"204","pin":"22354050020000","mailed_land":"7819","nbhd":"19060","certified_bldg":"30673"}},{"type":"Feature","geometry":null,"properties":{"board_tot":"38492","certified_tot":"38492","mailed_tot":"38492","mailed_bldg":"30673","board_land":"7819","certified_land":"7819","year":"2022","township_code":"19","board_bldg":"30673","township_name":"Lemont","class":"204","pin":"22354050020000","mailed_land":"7819","nbhd":"19060","certified_bldg":"30673"}},{"type":"Feature","geometry":null,"properties":{"board_tot":"54000","certified_tot":"54000","mailed_tot":"54000","mailed_bldg":"33671","board_land":"20329","certified_land":"20329","year":"2023","township_code":"19","board_bldg":"33671","township_name":"Lemont","class":"204","pin":"22354050020000","mailed_land":"20329","nbhd":"19060","certified_bldg":"33671"}},{"type":"Feature","geometry":null,"properties":{"board_tot":"1302.0","certified_tot":"1302.0","mailed_tot":"1302.0","mailed_bldg":"1228.0","board_land":"74.0","certified_land":"74.0","year":"2024","township_code":"23","board_bldg":"1228.0","township_name":"New Trier","class":"299","pin":"05283090281149","mailed_land":"74.0","nbhd":"23132","certified_bldg":"1228.0"}},{"type":"Feature","geometry":null,"properties":{"board_tot":"35842","certified_tot":"35842","mailed_tot":"35842","mailed_bldg":"28412","board_land":"7430","certified_land":"7430","year":"1999","township_code":"19","board_bldg":"28412","township_name":"Lemont","class":"278","pin":"22354050030000","mailed_land":"7430","nbhd":"19060","certified_bldg":"28412"}},{"type":"Feature","geometry":null,"properties":{"board_tot":"35842","certified_tot":"35842","mailed_tot":"35842","mailed_bldg":"28412","board_land":"7430","certified_land":"7430","year":"2000","township_code":"19","board_bldg":"28412","township_name":"Lemont","class":"278","pin":"22354050030000","mailed_land":"7430","nbhd":"19060","certified_bldg":"28412"}},{"type":"Feature","geometry":null,"properties":{"board_tot":"35842","certified_tot":"35842","mailed_tot":"35842","mailed_bldg":"28412","board_land":"7430","certified_land":"7430","year":"2001","township_code":"19","board_bldg":"28412","township_name":"Lemont","class":"278","pin":"22354050030000","mailed_land":"7430","nbhd":"19060","certified_bldg":"28412"}},{"type":"Feature","geometry":null,"properties":{"board_tot":"43105","certified_tot":"43105","mailed_tot":"43105","mailed_bldg":"35675","board_land":"7430","certified_land":"7430","year":"2002","township_code":"19","board_bldg":"35675","township_name":"Lemont","class":"278","pin":"22354050030000","mailed_land":"7430","nbhd":"19060","certified_bldg":"35675"}},{"type":"Feature","geometry":null,"properties":{"board_tot":"43105","certified_tot":"43105","mailed_tot":"43105","mailed_bldg":"35675","board_land":"7430","certified_land":"7430","year":"2003","township_code":"19","board_bldg":"35675","township_name":"Lemont","class":"278","pin":"22354050030000","mailed_land":"7430","nbhd":"19060","certified_bldg":"35675"}},{"type":"Feature","geometry":null,"properties":{"board_tot":"43105","certified_tot":"43105","mailed_tot":"43105","mailed_bldg":"35675","board_land":"7430","certified_land":"7430","year":"2004","township_code":"19","board_bldg":"35675","township_name":"Lemont","class":"278","pin":"22354050030000","mailed_land":"7430","nbhd":"19060","certified_bldg":"35675"}},{"type":"Feature","geometry":null,"properties":{"board_tot":"55387","certified_tot":"55387","mailed_tot":"55387","mailed_bldg":"47296","board_land":"8091","certified_land":"8091","year":"2005","township_code":"19","board_bldg":"47296","township_name":"Lemont","class":"278","pin":"22354050030000","mailed_land":"8091","nbhd":"19060","certified_bldg":"47296"}},{"type":"Feature","geometry":null,"properties":{"board_tot":"55387","certified_tot":"55387","mailed_tot":"55387","mailed_bldg":"47296","board_land":"8091","certified_land":"8091","year":"2006","township_code":"19","board_bldg":"47296","township_name":"Lemont","class":"278","pin":"22354050030000","mailed_land":"8091","nbhd":"19060","certified_bldg":"47296"}},{"type":"Feature","geometry":null,"properties":{"board_tot":"55387","certified_tot":"55387","mailed_tot":"55387","mailed_bldg":"47296","board_land":"8091","certified_land":"8091","year":"2007","township_code":"19","board_bldg":"47296","township_name":"Lemont","class":"278","pin":"22354050030000","mailed_land":"8091","nbhd":"19060","certified_bldg":"47296"}},{"type":"Feature","geometry":null,"properties":{"board_tot":"61444","certified_tot":"61444","mailed_tot":"61444","mailed_bldg":"50656","board_land":"10788","certified_land":"10788","year":"2008","township_code":"19","board_bldg":"50656","township_name":"Lemont","class":"278","pin":"22354050030000","mailed_land":"10788","nbhd":"19060","certified_bldg":"50656"}},{"type":"Feature","geometry":null,"properties":{"board_tot":"58371","certified_tot":"58371","mailed_tot":"58371","mailed_bldg":"51628","board_land":"6743","certified_land":"6743","year":"2009","township_code":"19","board_bldg":"51628","township_name":"Lemont","class":"278","pin":"22354050030000","mailed_land":"6743","nbhd":"19060","certified_bldg":"51628"}},{"type":"Feature","geometry":null,"properties":{"board_tot":"58371","certified_tot":"58371","mailed_tot":"58371","mailed_bldg":"51628","board_land":"6743","certified_land":"6743","year":"2010","township_code":"19","board_bldg":"51628","township_name":"Lemont","class":"278","pin":"22354050030000","mailed_land":"6743","nbhd":"19060","certified_bldg":"51628"}},{"type":"Feature","geometry":null,"properties":{"board_tot":"42820","certified_tot":"50017","mailed_tot":"50017","mailed_bldg":"43274","board_land":"6743","certified_land":"6743","year":"2011","township_code":"19","board_bldg":"36077","township_name":"Lemont","class":"278","pin":"22354050030000","mailed_land":"6743","nbhd":"19060","certified_bldg":"43274"}},{"type":"Feature","geometry":null,"properties":{"board_tot":"42820","certified_tot":"42820","mailed_tot":"42820","mailed_bldg":"36077","board_land":"6743","certified_land":"6743","year":"2012","township_code":"19","board_bldg":"36077","township_name":"Lemont","class":"278","pin":"22354050030000","mailed_land":"6743","nbhd":"19060","certified_bldg":"36077"}},{"type":"Feature","geometry":null,"properties":{"board_tot":"42820","certified_tot":"42820","mailed_tot":"42820","mailed_bldg":"36077","board_land":"6743","certified_land":"6743","year":"2013","township_code":"19","board_bldg":"36077","township_name":"Lemont","class":"278","pin":"22354050030000","mailed_land":"6743","nbhd":"19060","certified_bldg":"36077"}},{"type":"Feature","geometry":null,"properties":{"board_tot":"47288","certified_tot":"47288","mailed_tot":"47288","mailed_bldg":"40545","board_land":"6743","certified_land":"6743","year":"2014","township_code":"19","board_bldg":"40545","township_name":"Lemont","class":"278","pin":"22354050030000","mailed_land":"6743","nbhd":"19060","certified_bldg":"40545"}},{"type":"Feature","geometry":null,"properties":{"board_tot":"47288","certified_tot":"47288","mailed_tot":"47288","mailed_bldg":"40545","board_land":"6743","certified_land":"6743","year":"2015","township_code":"19","board_bldg":"40545","township_name":"Lemont","class":"278","pin":"22354050030000","mailed_land":"6743","nbhd":"19060","certified_bldg":"40545"}},{"type":"Feature","geometry":null,"properties":{"board_tot":"41125","certified_tot":"41125","mailed_tot":"47288","mailed_bldg":"40545","board_land":"6743","certified_land":"6743","year":"2016","township_code":"19","board_bldg":"34382","township_name":"Lemont","class":"278","pin":"22354050030000","mailed_land":"6743","nbhd":"19060","certified_bldg":"34382"}},{"type":"Feature","geometry":null,"properties":{"board_tot":"41681","certified_tot":"50391","mailed_tot":"50391","mailed_bldg":"41963","board_land":"8428","certified_land":"8428","year":"2017","township_code":"19","board_bldg":"33253","township_name":"Lemont","class":"278","pin":"22354050030000","mailed_land":"8428","nbhd":"19060","certified_bldg":"41963"}},{"type":"Feature","geometry":null,"properties":{"board_tot":"38963","certified_tot":"41681","mailed_tot":"41681","mailed_bldg":"33253","board_land":"8428","certified_land":"8428","year":"2018","township_code":"19","board_bldg":"30535","township_name":"Lemont","class":"278","pin":"22354050030000","mailed_land":"8428","nbhd":"19060","certified_bldg":"33253"}},{"type":"Feature","geometry":null,"properties":{"board_tot":"37656","certified_tot":"38963","mailed_tot":"38963","mailed_bldg":"30535","board_land":"8428","certified_land":"8428","year":"2019","township_code":"19","board_bldg":"29228","township_name":"Lemont","class":"278","pin":"22354050030000","mailed_land":"8428","nbhd":"19060","certified_bldg":"30535"}},{"type":"Feature","geometry":null,"properties":{"board_tot":"38575","certified_tot":"44070","mailed_tot":"46368","mailed_bldg":"37940","board_land":"8429","certified_land":"8428","year":"2020","township_code":"19","board_bldg":"30146","township_name":"Lemont","class":"278","pin":"22354050030000","mailed_land":"8428","nbhd":"19060","certified_bldg":"35642"}},{"type":"Feature","geometry":null,"properties":{"board_tot":"38575","certified_tot":"38575","mailed_tot":"38575","mailed_bldg":"30146","board_land":"8429","certified_land":"8429","year":"2021","township_code":"19","board_bldg":"30146","township_name":"Lemont","class":"278","pin":"22354050030000","mailed_land":"8429","nbhd":"19060","certified_bldg":"30146"}},{"type":"Feature","geometry":null,"properties":{"board_tot":"38575","certified_tot":"38575","mailed_tot":"38575","mailed_bldg":"30146","board_land":"8429","certified_land":"8429","year":"2022","township_code":"19","board_bldg":"30146","township_name":"Lemont","class":"278","pin":"22354050030000","mailed_land":"8429","nbhd":"19060","certified_bldg":"30146"}},{"type":"Feature","geometry":null,"properties":{"board_tot":"61000","certified_tot":"61000","mailed_tot":"61000","mailed_bldg":"39085","board_land":"21915","certified_land":"21915","year":"2023","township_code":"19","board_bldg":"39085","township_name":"Lemont","class":"278","pin":"22354050030000","mailed_land":"21915","nbhd":"19060","certified_bldg":"39085"}},{"type":"Feature","geometry":null,"properties":{"board_tot":null,"certified_tot":null,"mailed_tot":null,"mailed_bldg":null,"board_land":null,"certified_land":null,"year":"2025","township_code":"19","board_bldg":null,"township_name":"Lemont","class":"278","pin":"22354050040000","mailed_land":null,"nbhd":"19060","certified_bldg":null}},{"type":"Feature","geometry":null,"properties":{"board_tot":"33030","certified_tot":"33030","mailed_tot":"33030","mailed_bldg":"25725","board_land":"7305","certified_land":"7305","year":"1999","township_code":"19","board_bldg":"25725","township_name":"Lemont","class":"278","pin":"22354050040000","mailed_land":"7305","nbhd":"19060","certified_bldg":"25725"}},{"type":"Feature","geometry":null,"properties":{"board_tot":"33030","certified_tot":"33030","mailed_tot":"33030","mailed_bldg":"25725","board_land":"7305","certified_land":"7305","year":"2000","township_code":"19","board_bldg":"25725","township_name":"Lemont","class":"278","pin":"22354050040000","mailed_land":"7305","nbhd":"19060","certified_bldg":"25725"}},{"type":"Feature","geometry":null,"properties":{"board_tot":"33030","certified_tot":"33030","mailed_tot":"33030","mailed_bldg":"25725","board_land":"7305","certified_land":"7305","year":"2001","township_code":"19","board_bldg":"25725","township_name":"Lemont","class":"278","pin":"22354050040000","mailed_land":"7305","nbhd":"19060","certified_bldg":"25725"}},{"type":"Feature","geometry":null,"properties":{"board_tot":"41011","certified_tot":"41011","mailed_tot":"41011","mailed_bldg":"33706","board_land":"7305","certified_land":"7305","year":"2002","township_code":"19","board_bldg":"33706","township_name":"Lemont","class":"278","pin":"22354050040000","mailed_land":"7305","nbhd":"19060","certified_bldg":"33706"}},{"type":"Feature","geometry":null,"properties":{"board_tot":"41011","certified_tot":"41011","mailed_tot":"41011","mailed_bldg":"33706","board_land":"7305","certified_land":"7305","year":"2003","township_code":"19","board_bldg":"33706","township_name":"Lemont","class":"278","pin":"22354050040000","mailed_land":"7305","nbhd":"19060","certified_bldg":"33706"}},{"type":"Feature","geometry":null,"properties":{"board_tot":"41011","certified_tot":"41011","mailed_tot":"41011","mailed_bldg":"33706","board_land":"7305","certified_land":"7305","year":"2004","township_code":"19","board_bldg":"33706","township_name":"Lemont","class":"278","pin":"22354050040000","mailed_land":"7305","nbhd":"19060","certified_bldg":"33706"}},{"type":"Feature","geometry":null,"properties":{"board_tot":"40199","certified_tot":"51697","mailed_tot":"51697","mailed_bldg":"43742","board_land":"7955","certified_land":"7955","year":"2005","township_code":"19","board_bldg":"32244","township_name":"Lemont","class":"278","pin":"22354050040000","mailed_land":"7955","nbhd":"19060","certified_bldg":"43742"}},{"type":"Feature","geometry":null,"properties":{"board_tot":"40199","certified_tot":"40199","mailed_tot":"40199","mailed_bldg":"32244","board_land":"7955","certified_land":"7955","year":"2006","township_code":"19","board_bldg":"32244","township_name":"Lemont","class":"278","pin":"22354050040000","mailed_land":"7955","nbhd":"19060","certified_bldg":"32244"}},{"type":"Feature","geometry":null,"properties":{"board_tot":"40199","certified_tot":"40199","mailed_tot":"40199","mailed_bldg":"32244","board_land":"7955","certified_land":"7955","year":"2007","township_code":"19","board_bldg":"32244","township_name":"Lemont","class":"278","pin":"22354050040000","mailed_land":"7955","nbhd":"19060","certified_bldg":"32244"}},{"type":"Feature","geometry":null,"properties":{"board_tot":"49523","certified_tot":"56579","mailed_tot":"56579","mailed_bldg":"45972","board_land":"10607","certified_land":"10607","year":"2008","township_code":"19","board_bldg":"38916","township_name":"Lemont","class":"278","pin":"22354050040000","mailed_land":"10607","nbhd":"19060","certified_bldg":"45972"}},{"type":"Feature","geometry":null,"properties":{"board_tot":"47045","certified_tot":"47045","mailed_tot":"47045","mailed_bldg":"40416","board_land":"6629","certified_land":"6629","year":"2009","township_code":"19","board_bldg":"40416","township_name":"Lemont","class":"278","pin":"22354050040000","mailed_land":"6629","nbhd":"19060","certified_bldg":"40416"}},{"type":"Feature","geometry":null,"properties":{"board_tot":"45121","certified_tot":"47045","mailed_tot":"47045","mailed_bldg":"40416","board_land":"6629","certified_land":"6629","year":"2010","township_code":"19","board_bldg":"38492","township_name":"Lemont","class":"278","pin":"22354050040000","mailed_land":"6629","nbhd":"19060","certified_bldg":"40416"}},{"type":"Feature","geometry":null,"properties":{"board_tot":"35661","certified_tot":"40961","mailed_tot":"43000","mailed_bldg":"36371","board_land":"6629","certified_land":"6629","year":"2011","township_code":"19","board_bldg":"29032","township_name":"Lemont","class":"278","pin":"22354050040000","mailed_land":"6629","nbhd":"19060","certified_bldg":"34332"}},{"type":"Feature","geometry":null,"properties":{"board_tot":"35661","certified_tot":"35661","mailed_tot":"35661","mailed_bldg":"29032","board_land":"6629","certified_land":"6629","year":"2012","township_code":"19","board_bldg":"29032","township_name":"Lemont","class":"278","pin":"22354050040000","mailed_land":"6629","nbhd":"19060","certified_bldg":"29032"}},{"type":"Feature","geometry":null,"properties":{"board_tot":"35661","certified_tot":"35661","mailed_tot":"35661","mailed_bldg":"29032","board_land":"6629","certified_land":"6629","year":"2013","township_code":"19","board_bldg":"29032","township_name":"Lemont","class":"278","pin":"22354050040000","mailed_land":"6629","nbhd":"19060","certified_bldg":"29032"}},{"type":"Feature","geometry":null,"properties":{"board_tot":"34976","certified_tot":"41519","mailed_tot":"41519","mailed_bldg":"34890","board_land":"6629","certified_land":"6629","year":"2014","township_code":"19","board_bldg":"28347","township_name":"Lemont","class":"278","pin":"22354050040000","mailed_land":"6629","nbhd":"19060","certified_bldg":"34890"}},{"type":"Feature","geometry":null,"properties":{"board_tot":"34976","certified_tot":"34976","mailed_tot":"34976","mailed_bldg":"28347","board_land":"6629","certified_land":"6629","year":"2015","township_code":"19","board_bldg":"28347","township_name":"Lemont","class":"278","pin":"22354050040000","mailed_land":"6629","nbhd":"19060","certified_bldg":"28347"}},{"type":"Feature","geometry":null,"properties":{"board_tot":"34976","certified_tot":"34976","mailed_tot":"34976","mailed_bldg":"28347","board_land":"6629","certified_land":"6629","year":"2016","township_code":"19","board_bldg":"28347","township_name":"Lemont","class":"278","pin":"22354050040000","mailed_land":"6629","nbhd":"19060","certified_bldg":"28347"}},{"type":"Feature","geometry":null,"properties":{"board_tot":"36471","certified_tot":"45936","mailed_tot":"45936","mailed_bldg":"37649","board_land":"8287","certified_land":"8287","year":"2017","township_code":"19","board_bldg":"28184","township_name":"Lemont","class":"278","pin":"22354050040000","mailed_land":"8287","nbhd":"19060","certified_bldg":"37649"}},{"type":"Feature","geometry":null,"properties":{"board_tot":"36471","certified_tot":"36471","mailed_tot":"36471","mailed_bldg":"28184","board_land":"8287","certified_land":"8287","year":"2018","township_code":"19","board_bldg":"28184","township_name":"Lemont","class":"278","pin":"22354050040000","mailed_land":"8287","nbhd":"19060","certified_bldg":"28184"}},{"type":"Feature","geometry":null,"properties":{"board_tot":"36471","certified_tot":"36471","mailed_tot":"36471","mailed_bldg":"28184","board_land":"8287","certified_land":"8287","year":"2019","township_code":"19","board_bldg":"28184","township_name":"Lemont","class":"278","pin":"22354050040000","mailed_land":"8287","nbhd":"19060","certified_bldg":"28184"}},{"type":"Feature","geometry":null,"properties":{"board_tot":"34546","certified_tot":"36744","mailed_tot":"43879","mailed_bldg":"35592","board_land":"8287","certified_land":"8287","year":"2020","township_code":"19","board_bldg":"26259","township_name":"Lemont","class":"278","pin":"22354050040000","mailed_land":"8287","nbhd":"19060","certified_bldg":"28457"}},{"type":"Feature","geometry":null,"properties":{"board_tot":"34546","certified_tot":"34546","mailed_tot":"34546","mailed_bldg":"26259","board_land":"8287","certified_land":"8287","year":"2021","township_code":"19","board_bldg":"26259","township_name":"Lemont","class":"278","pin":"22354050040000","mailed_land":"8287","nbhd":"19060","certified_bldg":"26259"}},{"type":"Feature","geometry":null,"properties":{"board_tot":"34546","certified_tot":"34546","mailed_tot":"34546","mailed_bldg":"26259","board_land":"8287","certified_land":"8287","year":"2022","township_code":"19","board_bldg":"26259","township_name":"Lemont","class":"278","pin":"22354050040000","mailed_land":"8287","nbhd":"19060","certified_bldg":"26259"}},{"type":"Feature","geometry":null,"properties":{"board_tot":"57000","certified_tot":"57000","mailed_tot":"57000","mailed_bldg":"35453","board_land":"21547","certified_land":"21547","year":"2023","township_code":"19","board_bldg":"35453","township_name":"Lemont","class":"278","pin":"22354050040000","mailed_land":"21547","nbhd":"19060","certified_bldg":"35453"}},{"type":"Feature","geometry":null,"properties":{"board_tot":"36359","certified_tot":"36359","mailed_tot":"36359","mailed_bldg":"28353","board_land":"8006","certified_land":"8006","year":"1999","township_code":"19","board_bldg":"28353","township_name":"Lemont","class":"278","pin":"22354050050000","mailed_land":"8006","nbhd":"19060","certified_bldg":"28353"}},{"type":"Feature","geometry":null,"properties":{"board_tot":"36359","certified_tot":"36359","mailed_tot":"36359","mailed_bldg":"28353","board_land":"8006","certified_land":"8006","year":"2000","township_code":"19","board_bldg":"28353","township_name":"Lemont","class":"278","pin":"22354050050000","mailed_land":"8006","nbhd":"19060","certified_bldg":"28353"}},{"type":"Feature","geometry":null,"properties":{"board_tot":"36359","certified_tot":"36359","mailed_tot":"36359","mailed_bldg":"28353","board_land":"8006","certified_land":"8006","year":"2001","township_code":"19","board_bldg":"28353","township_name":"Lemont","class":"278","pin":"22354050050000","mailed_land":"8006","nbhd":"19060","certified_bldg":"28353"}},{"type":"Feature","geometry":null,"properties":{"board_tot":"44418","certified_tot":"44418","mailed_tot":"44418","mailed_bldg":"36412","board_land":"8006","certified_land":"8006","year":"2002","township_code":"19","board_bldg":"36412","township_name":"Lemont","class":"278","pin":"22354050050000","mailed_land":"8006","nbhd":"19060","certified_bldg":"36412"}},{"type":"Feature","geometry":null,"properties":{"board_tot":"44418","certified_tot":"44418","mailed_tot":"44418","mailed_bldg":"36412","board_land":"8006","certified_land":"8006","year":"2003","township_code":"19","board_bldg":"36412","township_name":"Lemont","class":"278","pin":"22354050050000","mailed_land":"8006","nbhd":"19060","certified_bldg":"36412"}},{"type":"Feature","geometry":null,"properties":{"board_tot":"44418","certified_tot":"44418","mailed_tot":"44418","mailed_bldg":"36412","board_land":"8006","certified_land":"8006","year":"2004","township_code":"19","board_bldg":"36412","township_name":"Lemont","class":"278","pin":"22354050050000","mailed_land":"8006","nbhd":"19060","certified_bldg":"36412"}},{"type":"Feature","geometry":null,"properties":{"board_tot":"56538","certified_tot":"56538","mailed_tot":"56538","mailed_bldg":"47820","board_land":"8718","certified_land":"8718","year":"2005","township_code":"19","board_bldg":"47820","township_name":"Lemont","class":"278","pin":"22354050050000","mailed_land":"8718","nbhd":"19060","certified_bldg":"47820"}},{"type":"Feature","geometry":null,"properties":{"board_tot":"56538","certified_tot":"56538","mailed_tot":"56538","mailed_bldg":"47820","board_land":"8718","certified_land":"8718","year":"2006","township_code":"19","board_bldg":"47820","township_name":"Lemont","class":"278","pin":"22354050050000","mailed_land":"8718","nbhd":"19060","certified_bldg":"47820"}},{"type":"Feature","geometry":null,"properties":{"board_tot":"56538","certified_tot":"56538","mailed_tot":"56538","mailed_bldg":"47820","board_land":"8718","certified_land":"8718","year":"2007","township_code":"19","board_bldg":"47820","township_name":"Lemont","class":"278","pin":"22354050050000","mailed_land":"8718","nbhd":"19060","certified_bldg":"47820"}},{"type":"Feature","geometry":null,"properties":{"board_tot":"52311","certified_tot":"62407","mailed_tot":"62407","mailed_bldg":"50782","board_land":"11625","certified_land":"11625","year":"2008","township_code":"19","board_bldg":"40686","township_name":"Lemont","class":"278","pin":"22354050050000","mailed_land":"11625","nbhd":"19060","certified_bldg":"50782"}},{"type":"Feature","geometry":null,"properties":{"board_tot":"49695","certified_tot":"49695","mailed_tot":"49695","mailed_bldg":"42430","board_land":"7265","certified_land":"7265","year":"2009","township_code":"19","board_bldg":"42430","township_name":"Lemont","class":"278","pin":"22354050050000","mailed_land":"7265","nbhd":"19060","certified_bldg":"42430"}},{"type":"Feature","geometry":null,"properties":{"board_tot":"49695","certified_tot":"49695","mailed_tot":"49695","mailed_bldg":"42430","board_land":"7265","certified_land":"7265","year":"2010","township_code":"19","board_bldg":"42430","township_name":"Lemont","class":"278","pin":"22354050050000","mailed_land":"7265","nbhd":"19060","certified_bldg":"42430"}},{"type":"Feature","geometry":null,"properties":{"board_tot":"43471","certified_tot":"51142","mailed_tot":"51142","mailed_bldg":"43877","board_land":"7265","certified_land":"7265","year":"2011","township_code":"19","board_bldg":"36206","township_name":"Lemont","class":"278","pin":"22354050050000","mailed_land":"7265","nbhd":"19060","certified_bldg":"43877"}},{"type":"Feature","geometry":null,"properties":{"board_tot":"43471","certified_tot":"43471","mailed_tot":"43471","mailed_bldg":"36206","board_land":"7265","certified_land":"7265","year":"2012","township_code":"19","board_bldg":"36206","township_name":"Lemont","class":"278","pin":"22354050050000","mailed_land":"7265","nbhd":"19060","certified_bldg":"36206"}},{"type":"Feature","geometry":null,"properties":{"board_tot":"43471","certified_tot":"43471","mailed_tot":"43471","mailed_bldg":"36206","board_land":"7265","certified_land":"7265","year":"2013","township_code":"19","board_bldg":"36206","township_name":"Lemont","class":"278","pin":"22354050050000","mailed_land":"7265","nbhd":"19060","certified_bldg":"36206"}},{"type":"Feature","geometry":null,"properties":{"board_tot":"42626","certified_tot":"48628","mailed_tot":"48628","mailed_bldg":"41363","board_land":"7265","certified_land":"7265","year":"2014","township_code":"19","board_bldg":"35361","township_name":"Lemont","class":"278","pin":"22354050050000","mailed_land":"7265","nbhd":"19060","certified_bldg":"41363"}},{"type":"Feature","geometry":null,"properties":{"board_tot":"42626","certified_tot":"42626","mailed_tot":"42626","mailed_bldg":"35361","board_land":"7265","certified_land":"7265","year":"2015","township_code":"19","board_bldg":"35361","township_name":"Lemont","class":"278","pin":"22354050050000","mailed_land":"7265","nbhd":"19060","certified_bldg":"35361"}},{"type":"Feature","geometry":null,"properties":{"board_tot":"42626","certified_tot":"42626","mailed_tot":"42626","mailed_bldg":"35361","board_land":"7265","certified_land":"7265","year":"2016","township_code":"19","board_bldg":"35361","township_name":"Lemont","class":"278","pin":"22354050050000","mailed_land":"7265","nbhd":"19060","certified_bldg":"35361"}},{"type":"Feature","geometry":null,"properties":{"board_tot":"43158","certified_tot":"51289","mailed_tot":"51289","mailed_bldg":"42207","board_land":"9082","certified_land":"9082","year":"2017","township_code":"19","board_bldg":"34076","township_name":"Lemont","class":"278","pin":"22354050050000","mailed_land":"9082","nbhd":"19060","certified_bldg":"42207"}},{"type":"Feature","geometry":null,"properties":{"board_tot":"43158","certified_tot":"43158","mailed_tot":"43158","mailed_bldg":"34076","board_land":"9082","certified_land":"9082","year":"2018","township_code":"19","board_bldg":"34076","township_name":"Lemont","class":"278","pin":"22354050050000","mailed_land":"9082","nbhd":"19060","certified_bldg":"34076"}},{"type":"Feature","geometry":null,"properties":{"board_tot":"40992","certified_tot":"43158","mailed_tot":"43158","mailed_bldg":"34076","board_land":"9082","certified_land":"9082","year":"2019","township_code":"19","board_bldg":"31910","township_name":"Lemont","class":"278","pin":"22354050050000","mailed_land":"9082","nbhd":"19060","certified_bldg":"34076"}},{"type":"Feature","geometry":null,"properties":{"board_tot":"42240","certified_tot":"46905","mailed_tot":"46905","mailed_bldg":"37823","board_land":"9082","certified_land":"9082","year":"2020","township_code":"19","board_bldg":"33158","township_name":"Lemont","class":"278","pin":"22354050050000","mailed_land":"9082","nbhd":"19060","certified_bldg":"37823"}},{"type":"Feature","geometry":null,"properties":{"board_tot":"42240","certified_tot":"42240","mailed_tot":"42240","mailed_bldg":"33158","board_land":"9082","certified_land":"9082","year":"2021","township_code":"19","board_bldg":"33158","township_name":"Lemont","class":"278","pin":"22354050050000","mailed_land":"9082","nbhd":"19060","certified_bldg":"33158"}},{"type":"Feature","geometry":null,"properties":{"board_tot":"42240","certified_tot":"42240","mailed_tot":"42240","mailed_bldg":"33158","board_land":"9082","certified_land":"9082","year":"2022","township_code":"19","board_bldg":"33158","township_name":"Lemont","class":"278","pin":"22354050050000","mailed_land":"9082","nbhd":"19060","certified_bldg":"33158"}},{"type":"Feature","geometry":null,"properties":{"board_tot":"62000","certified_tot":"62000","mailed_tot":"62000","mailed_bldg":"38386","board_land":"23614","certified_land":"23614","year":"2023","township_code":"19","board_bldg":"38386","township_name":"Lemont","class":"278","pin":"22354050050000","mailed_land":"23614","nbhd":"19060","certified_bldg":"38386"}},{"type":"Feature","geometry":null,"properties":{"board_tot":"36293","certified_tot":"36293","mailed_tot":"36293","mailed_bldg":"29669","board_land":"6624","certified_land":"6624","year":"1999","township_code":"19","board_bldg":"29669","township_name":"Lemont","class":"278","pin":"22354050060000","mailed_land":"6624","nbhd":"19060","certified_bldg":"29669"}},{"type":"Feature","geometry":null,"properties":{"board_tot":"36293","certified_tot":"36293","mailed_tot":"36293","mailed_bldg":"29669","board_land":"6624","certified_land":"6624","year":"2000","township_code":"19","board_bldg":"29669","township_name":"Lemont","class":"278","pin":"22354050060000","mailed_land":"6624","nbhd":"19060","certified_bldg":"29669"}},{"type":"Feature","geometry":null,"properties":{"board_tot":"36293","certified_tot":"36293","mailed_tot":"36293","mailed_bldg":"29669","board_land":"6624","certified_land":"6624","year":"2001","township_code":"19","board_bldg":"29669","township_name":"Lemont","class":"278","pin":"22354050060000","mailed_land":"6624","nbhd":"19060","certified_bldg":"29669"}},{"type":"Feature","geometry":null,"properties":{"board_tot":"45492","certified_tot":"45492","mailed_tot":"45492","mailed_bldg":"38868","board_land":"6624","certified_land":"6624","year":"2002","township_code":"19","board_bldg":"38868","township_name":"Lemont","class":"278","pin":"22354050060000","mailed_land":"6624","nbhd":"19060","certified_bldg":"38868"}},{"type":"Feature","geometry":null,"properties":{"board_tot":"45492","certified_tot":"45492","mailed_tot":"45492","mailed_bldg":"38868","board_land":"6624","certified_land":"6624","year":"2003","township_code":"19","board_bldg":"38868","township_name":"Lemont","class":"278","pin":"22354050060000","mailed_land":"6624","nbhd":"19060","certified_bldg":"38868"}},{"type":"Feature","geometry":null,"properties":{"board_tot":"45492","certified_tot":"45492","mailed_tot":"45492","mailed_bldg":"38868","board_land":"6624","certified_land":"6624","year":"2004","township_code":"19","board_bldg":"38868","township_name":"Lemont","class":"278","pin":"22354050060000","mailed_land":"6624","nbhd":"19060","certified_bldg":"38868"}},{"type":"Feature","geometry":null,"properties":{"board_tot":"57220","certified_tot":"57220","mailed_tot":"57220","mailed_bldg":"50007","board_land":"7213","certified_land":"7213","year":"2005","township_code":"19","board_bldg":"50007","township_name":"Lemont","class":"278","pin":"22354050060000","mailed_land":"7213","nbhd":"19060","certified_bldg":"50007"}},{"type":"Feature","geometry":null,"properties":{"board_tot":"57220","certified_tot":"57220","mailed_tot":"57220","mailed_bldg":"50007","board_land":"7213","certified_land":"7213","year":"2006","township_code":"19","board_bldg":"50007","township_name":"Lemont","class":"278","pin":"22354050060000","mailed_land":"7213","nbhd":"19060","certified_bldg":"50007"}},{"type":"Feature","geometry":null,"properties":{"board_tot":"57220","certified_tot":"57220","mailed_tot":"57220","mailed_bldg":"50007","board_land":"7213","certified_land":"7213","year":"2007","township_code":"19","board_bldg":"50007","township_name":"Lemont","class":"278","pin":"22354050060000","mailed_land":"7213","nbhd":"19060","certified_bldg":"50007"}},{"type":"Feature","geometry":null,"properties":{"board_tot":"63670","certified_tot":"63670","mailed_tot":"63670","mailed_bldg":"40828","board_land":"22842","certified_land":"22842","year":"2008","township_code":"19","board_bldg":"40828","township_name":"Lemont","class":"278","pin":"22354050060000","mailed_land":"22842","nbhd":"19060","certified_bldg":"40828"}},{"type":"Feature","geometry":null,"properties":{"board_tot":"25278","certified_tot":"60487","mailed_tot":"60487","mailed_bldg":"46211","board_land":"14276","certified_land":"14276","year":"2009","township_code":"19","board_bldg":"11002","township_name":"Lemont","class":"278","pin":"22354050060000","mailed_land":"14276","nbhd":"19060","certified_bldg":"46211"}},{"type":"Feature","geometry":null,"properties":{"board_tot":"25278","certified_tot":"25278","mailed_tot":"25278","mailed_bldg":"11002","board_land":"14276","certified_land":"14276","year":"2010","township_code":"19","board_bldg":"11002","township_name":"Lemont","class":"278","pin":"22354050060000","mailed_land":"14276","nbhd":"19060","certified_bldg":"11002"}},{"type":"Feature","geometry":null,"properties":{"board_tot":"48423","certified_tot":"53174","mailed_tot":"53174","mailed_bldg":"38898","board_land":"14276","certified_land":"14276","year":"2011","township_code":"19","board_bldg":"34147","township_name":"Lemont","class":"278","pin":"22354050060000","mailed_land":"14276","nbhd":"19060","certified_bldg":"38898"}},{"type":"Feature","geometry":null,"properties":{"board_tot":"43643","certified_tot":"48423","mailed_tot":"48423","mailed_bldg":"34147","board_land":"14276","certified_land":"14276","year":"2012","township_code":"19","board_bldg":"29367","township_name":"Lemont","class":"278","pin":"22354050060000","mailed_land":"14276","nbhd":"19060","certified_bldg":"34147"}},{"type":"Feature","geometry":null,"properties":{"board_tot":"43643","certified_tot":"43643","mailed_tot":"43643","mailed_bldg":"29367","board_land":"14276","certified_land":"14276","year":"2013","township_code":"19","board_bldg":"29367","township_name":"Lemont","class":"278","pin":"22354050060000","mailed_land":"14276","nbhd":"19060","certified_bldg":"29367"}},{"type":"Feature","geometry":null,"properties":{"board_tot":"44270","certified_tot":"47968","mailed_tot":"47968","mailed_bldg":"33692","board_land":"14276","certified_land":"14276","year":"2014","township_code":"19","board_bldg":"29994","township_name":"Lemont","class":"278","pin":"22354050060000","mailed_land":"14276","nbhd":"19060","certified_bldg":"33692"}},{"type":"Feature","geometry":null,"properties":{"board_tot":"42720","certified_tot":"44270","mailed_tot":"44270","mailed_bldg":"29994","board_land":"14276","certified_land":"14276","year":"2015","township_code":"19","board_bldg":"28444","township_name":"Lemont","class":"278","pin":"22354050060000","mailed_land":"14276","nbhd":"19060","certified_bldg":"29994"}},{"type":"Feature","geometry":null,"properties":{"board_tot":"42720","certified_tot":"42720","mailed_tot":"42720","mailed_bldg":"28444","board_land":"14276","certified_land":"14276","year":"2016","township_code":"19","board_bldg":"28444","township_name":"Lemont","class":"278","pin":"22354050060000","mailed_land":"14276","nbhd":"19060","certified_bldg":"28444"}},{"type":"Feature","geometry":null,"properties":{"board_tot":"51462","certified_tot":"53501","mailed_tot":"53501","mailed_bldg":"36219","board_land":"17282","certified_land":"17282","year":"2017","township_code":"19","board_bldg":"34180","township_name":"Lemont","class":"278","pin":"22354050060000","mailed_land":"17282","nbhd":"19060","certified_bldg":"36219"}},{"type":"Feature","geometry":null,"properties":{"board_tot":"51462","certified_tot":"51462","mailed_tot":"51462","mailed_bldg":"34180","board_land":"17282","certified_land":"17282","year":"2018","township_code":"19","board_bldg":"34180","township_name":"Lemont","class":"278","pin":"22354050060000","mailed_land":"17282","nbhd":"19060","certified_bldg":"34180"}},{"type":"Feature","geometry":null,"properties":{"board_tot":"49530","certified_tot":"49530","mailed_tot":"51462","mailed_bldg":"34180","board_land":"17282","certified_land":"17282","year":"2019","township_code":"19","board_bldg":"32248","township_name":"Lemont","class":"278","pin":"22354050060000","mailed_land":"17282","nbhd":"19060","certified_bldg":"32248"}},{"type":"Feature","geometry":null,"properties":{"board_tot":"45996","certified_tot":"45996","mailed_tot":"47380","mailed_bldg":"30098","board_land":"17282","certified_land":"17282","year":"2020","township_code":"19","board_bldg":"28714","township_name":"Lemont","class":"278","pin":"22354050060000","mailed_land":"17282","nbhd":"19060","certified_bldg":"28714"}},{"type":"Feature","geometry":null,"properties":{"board_tot":"45996","certified_tot":"45996","mailed_tot":"45996","mailed_bldg":"28714","board_land":"17282","certified_land":"17282","year":"2021","township_code":"19","board_bldg":"28714","township_name":"Lemont","class":"278","pin":"22354050060000","mailed_land":"17282","nbhd":"19060","certified_bldg":"28714"}},{"type":"Feature","geometry":null,"properties":{"board_tot":"45996","certified_tot":"45996","mailed_tot":"45996","mailed_bldg":"28714","board_land":"17282","certified_land":"17282","year":"2022","township_code":"19","board_bldg":"28714","township_name":"Lemont","class":"278","pin":"22354050060000","mailed_land":"17282","nbhd":"19060","certified_bldg":"28714"}},{"type":"Feature","geometry":null,"properties":{"board_tot":"55462","certified_tot":"62000","mailed_tot":"62000","mailed_bldg":"42464","board_land":"19536","certified_land":"19536","year":"2023","township_code":"19","board_bldg":"35926","township_name":"Lemont","class":"278","pin":"22354050060000","mailed_land":"19536","nbhd":"19060","certified_bldg":"42464"}},{"type":"Feature","geometry":null,"properties":{"board_tot":"37231","certified_tot":"37231","mailed_tot":"37231","mailed_bldg":"30502","board_land":"6729","certified_land":"6729","year":"1999","township_code":"19","board_bldg":"30502","township_name":"Lemont","class":"208","pin":"22354050070000","mailed_land":"6729","nbhd":"19060","certified_bldg":"30502"}},{"type":"Feature","geometry":null,"properties":{"board_tot":"37231","certified_tot":"37231","mailed_tot":"37231","mailed_bldg":"30502","board_land":"6729","certified_land":"6729","year":"2000","township_code":"19","board_bldg":"30502","township_name":"Lemont","class":"208","pin":"22354050070000","mailed_land":"6729","nbhd":"19060","certified_bldg":"30502"}},{"type":"Feature","geometry":null,"properties":{"board_tot":"37231","certified_tot":"37231","mailed_tot":"37231","mailed_bldg":"30502","board_land":"6729","certified_land":"6729","year":"2001","township_code":"19","board_bldg":"30502","township_name":"Lemont","class":"208","pin":"22354050070000","mailed_land":"6729","nbhd":"19060","certified_bldg":"30502"}},{"type":"Feature","geometry":null,"properties":{"board_tot":"46739","certified_tot":"46739","mailed_tot":"46739","mailed_bldg":"40010","board_land":"6729","certified_land":"6729","year":"2002","township_code":"19","board_bldg":"40010","township_name":"Lemont","class":"208","pin":"22354050070000","mailed_land":"6729","nbhd":"19060","certified_bldg":"40010"}},{"type":"Feature","geometry":null,"properties":{"board_tot":"45745","certified_tot":"46739","mailed_tot":"46739","mailed_bldg":"40010","board_land":"6729","certified_land":"6729","year":"2003","township_code":"19","board_bldg":"39016","township_name":"Lemont","class":"208","pin":"22354050070000","mailed_land":"6729","nbhd":"19060","certified_bldg":"40010"}},{"type":"Feature","geometry":null,"properties":{"board_tot":"45745","certified_tot":"45745","mailed_tot":"45745","mailed_bldg":"39016","board_land":"6729","certified_land":"6729","year":"2004","township_code":"19","board_bldg":"39016","township_name":"Lemont","class":"208","pin":"22354050070000","mailed_land":"6729","nbhd":"19060","certified_bldg":"39016"}},{"type":"Feature","geometry":null,"properties":{"board_tot":"54155","certified_tot":"54155","mailed_tot":"54155","mailed_bldg":"46827","board_land":"7328","certified_land":"7328","year":"2005","township_code":"19","board_bldg":"46827","township_name":"Lemont","class":"208","pin":"22354050070000","mailed_land":"7328","nbhd":"19060","certified_bldg":"46827"}},{"type":"Feature","geometry":null,"properties":{"board_tot":"54155","certified_tot":"54155","mailed_tot":"54155","mailed_bldg":"46827","board_land":"7328","certified_land":"7328","year":"2006","township_code":"19","board_bldg":"46827","township_name":"Lemont","class":"208","pin":"22354050070000","mailed_land":"7328","nbhd":"19060","certified_bldg":"46827"}},{"type":"Feature","geometry":null,"properties":{"board_tot":"54155","certified_tot":"54155","mailed_tot":"54155","mailed_bldg":"46827","board_land":"7328","certified_land":"7328","year":"2007","township_code":"19","board_bldg":"46827","township_name":"Lemont","class":"208","pin":"22354050070000","mailed_land":"7328","nbhd":"19060","certified_bldg":"46827"}},{"type":"Feature","geometry":null,"properties":{"board_tot":"65724","certified_tot":"65724","mailed_tot":"65724","mailed_bldg":"42518","board_land":"23206","certified_land":"23206","year":"2008","township_code":"19","board_bldg":"42518","township_name":"Lemont","class":"208","pin":"22354050070000","mailed_land":"23206","nbhd":"19060","certified_bldg":"42518"}},{"type":"Feature","geometry":null,"properties":{"board_tot":"62437","certified_tot":"62437","mailed_tot":"62437","mailed_bldg":"47933","board_land":"14504","certified_land":"14504","year":"2009","township_code":"19","board_bldg":"47933","township_name":"Lemont","class":"208","pin":"22354050070000","mailed_land":"14504","nbhd":"19060","certified_bldg":"47933"}},{"type":"Feature","geometry":null,"properties":{"board_tot":"62437","certified_tot":"62437","mailed_tot":"62437","mailed_bldg":"47933","board_land":"14504","certified_land":"14504","year":"2010","township_code":"19","board_bldg":"47933","township_name":"Lemont","class":"208","pin":"22354050070000","mailed_land":"14504","nbhd":"19060","certified_bldg":"47933"}},{"type":"Feature","geometry":null,"properties":{"board_tot":"56724","certified_tot":"56724","mailed_tot":"56724","mailed_bldg":"42220","board_land":"14504","certified_land":"14504","year":"2011","township_code":"19","board_bldg":"42220","township_name":"Lemont","class":"208","pin":"22354050070000","mailed_land":"14504","nbhd":"19060","certified_bldg":"42220"}},{"type":"Feature","geometry":null,"properties":{"board_tot":"56724","certified_tot":"56724","mailed_tot":"56724","mailed_bldg":"42220","board_land":"14504","certified_land":"14504","year":"2012","township_code":"19","board_bldg":"42220","township_name":"Lemont","class":"208","pin":"22354050070000","mailed_land":"14504","nbhd":"19060","certified_bldg":"42220"}},{"type":"Feature","geometry":null,"properties":{"board_tot":"56724","certified_tot":"56724","mailed_tot":"56724","mailed_bldg":"42220","board_land":"14504","certified_land":"14504","year":"2013","township_code":"19","board_bldg":"42220","township_name":"Lemont","class":"208","pin":"22354050070000","mailed_land":"14504","nbhd":"19060","certified_bldg":"42220"}},{"type":"Feature","geometry":null,"properties":{"board_tot":"50733","certified_tot":"50733","mailed_tot":"50733","mailed_bldg":"36229","board_land":"14504","certified_land":"14504","year":"2014","township_code":"19","board_bldg":"36229","township_name":"Lemont","class":"208","pin":"22354050070000","mailed_land":"14504","nbhd":"19060","certified_bldg":"36229"}},{"type":"Feature","geometry":null,"properties":{"board_tot":"50733","certified_tot":"50733","mailed_tot":"50733","mailed_bldg":"36229","board_land":"14504","certified_land":"14504","year":"2015","township_code":"19","board_bldg":"36229","township_name":"Lemont","class":"208","pin":"22354050070000","mailed_land":"14504","nbhd":"19060","certified_bldg":"36229"}},{"type":"Feature","geometry":null,"properties":{"board_tot":"50733","certified_tot":"50733","mailed_tot":"50733","mailed_bldg":"36229","board_land":"14504","certified_land":"14504","year":"2016","township_code":"19","board_bldg":"36229","township_name":"Lemont","class":"208","pin":"22354050070000","mailed_land":"14504","nbhd":"19060","certified_bldg":"36229"}},{"type":"Feature","geometry":null,"properties":{"board_tot":"59551","certified_tot":"59551","mailed_tot":"59551","mailed_bldg":"41994","board_land":"17557","certified_land":"17557","year":"2017","township_code":"19","board_bldg":"41994","township_name":"Lemont","class":"208","pin":"22354050070000","mailed_land":"17557","nbhd":"19060","certified_bldg":"41994"}},{"type":"Feature","geometry":null,"properties":{"board_tot":"59551","certified_tot":"59551","mailed_tot":"59551","mailed_bldg":"41994","board_land":"17557","certified_land":"17557","year":"2018","township_code":"19","board_bldg":"41994","township_name":"Lemont","class":"208","pin":"22354050070000","mailed_land":"17557","nbhd":"19060","certified_bldg":"41994"}},{"type":"Feature","geometry":null,"properties":{"board_tot":"59551","certified_tot":"59551","mailed_tot":"59551","mailed_bldg":"41994","board_land":"17557","certified_land":"17557","year":"2019","township_code":"19","board_bldg":"41994","township_name":"Lemont","class":"208","pin":"22354050070000","mailed_land":"17557","nbhd":"19060","certified_bldg":"41994"}},{"type":"Feature","geometry":null,"properties":{"board_tot":"54193","certified_tot":"54193","mailed_tot":"54193","mailed_bldg":"36636","board_land":"17557","certified_land":"17557","year":"2020","township_code":"19","board_bldg":"36636","township_name":"Lemont","class":"208","pin":"22354050070000","mailed_land":"17557","nbhd":"19060","certified_bldg":"36636"}},{"type":"Feature","geometry":null,"properties":{"board_tot":"54195","certified_tot":"54195","mailed_tot":"54195","mailed_bldg":"36637","board_land":"17558","certified_land":"17558","year":"2021","township_code":"19","board_bldg":"36637","township_name":"Lemont","class":"208","pin":"22354050070000","mailed_land":"17558","nbhd":"19060","certified_bldg":"36637"}},{"type":"Feature","geometry":null,"properties":{"board_tot":"54195","certified_tot":"54195","mailed_tot":"54195","mailed_bldg":"36637","board_land":"17558","certified_land":"17558","year":"2022","township_code":"19","board_bldg":"36637","township_name":"Lemont","class":"208","pin":"22354050070000","mailed_land":"17558","nbhd":"19060","certified_bldg":"36637"}},{"type":"Feature","geometry":null,"properties":{"board_tot":"63000","certified_tot":"63000","mailed_tot":"63000","mailed_bldg":"43152","board_land":"19848","certified_land":"19848","year":"2023","township_code":"19","board_bldg":"43152","township_name":"Lemont","class":"208","pin":"22354050070000","mailed_land":"19848","nbhd":"19060","certified_bldg":"43152"}},{"type":"Feature","geometry":null,"properties":{"board_tot":"46000.0","certified_tot":"46000.0","mailed_tot":"46000.0","mailed_bldg":"24400.0","board_land":"21600.0","certified_land":"21600.0","year":"2024","township_code":"23","board_bldg":"24400.0","township_name":"New Trier","class":"234","pin":"05283110020000","mailed_land":"21600.0","nbhd":"23092","certified_bldg":"24400.0"}},{"type":"Feature","geometry":null,"properties":{"board_tot":"36960","certified_tot":"36960","mailed_tot":"36960","mailed_bldg":"30000","board_land":"6960","certified_land":"6960","year":"1999","township_code":"19","board_bldg":"30000","township_name":"Lemont","class":"204","pin":"22354050080000","mailed_land":"6960","nbhd":"19060","certified_bldg":"30000"}},{"type":"Feature","geometry":null,"properties":{"board_tot":"36960","certified_tot":"36960","mailed_tot":"36960","mailed_bldg":"30000","board_land":"6960","certified_land":"6960","year":"2000","township_code":"19","board_bldg":"30000","township_name":"Lemont","class":"204","pin":"22354050080000","mailed_land":"6960","nbhd":"19060","certified_bldg":"30000"}},{"type":"Feature","geometry":null,"properties":{"board_tot":"36960","certified_tot":"36960","mailed_tot":"36960","mailed_bldg":"30000","board_land":"6960","certified_land":"6960","year":"2001","township_code":"19","board_bldg":"30000","township_name":"Lemont","class":"204","pin":"22354050080000","mailed_land":"6960","nbhd":"19060","certified_bldg":"30000"}},{"type":"Feature","geometry":null,"properties":{"board_tot":"46169","certified_tot":"46169","mailed_tot":"46169","mailed_bldg":"39209","board_land":"6960","certified_land":"6960","year":"2002","township_code":"19","board_bldg":"39209","township_name":"Lemont","class":"204","pin":"22354050080000","mailed_land":"6960","nbhd":"19060","certified_bldg":"39209"}},{"type":"Feature","geometry":null,"properties":{"board_tot":"46169","certified_tot":"46169","mailed_tot":"46169","mailed_bldg":"39209","board_land":"6960","certified_land":"6960","year":"2003","township_code":"19","board_bldg":"39209","township_name":"Lemont","class":"204","pin":"22354050080000","mailed_land":"6960","nbhd":"19060","certified_bldg":"39209"}},{"type":"Feature","geometry":null,"properties":{"board_tot":"46169","certified_tot":"46169","mailed_tot":"46169","mailed_bldg":"39209","board_land":"6960","certified_land":"6960","year":"2004","township_code":"19","board_bldg":"39209","township_name":"Lemont","class":"204","pin":"22354050080000","mailed_land":"6960","nbhd":"19060","certified_bldg":"39209"}},{"type":"Feature","geometry":null,"properties":{"board_tot":"58382","certified_tot":"58382","mailed_tot":"58382","mailed_bldg":"50803","board_land":"7579","certified_land":"7579","year":"2005","township_code":"19","board_bldg":"50803","township_name":"Lemont","class":"204","pin":"22354050080000","mailed_land":"7579","nbhd":"19060","certified_bldg":"50803"}},{"type":"Feature","geometry":null,"properties":{"board_tot":"58382","certified_tot":"58382","mailed_tot":"58382","mailed_bldg":"50803","board_land":"7579","certified_land":"7579","year":"2006","township_code":"19","board_bldg":"50803","township_name":"Lemont","class":"204","pin":"22354050080000","mailed_land":"7579","nbhd":"19060","certified_bldg":"50803"}},{"type":"Feature","geometry":null,"properties":{"board_tot":"58382","certified_tot":"58382","mailed_tot":"58382","mailed_bldg":"50803","board_land":"7579","certified_land":"7579","year":"2007","township_code":"19","board_bldg":"50803","township_name":"Lemont","class":"204","pin":"22354050080000","mailed_land":"7579","nbhd":"19060","certified_bldg":"50803"}},{"type":"Feature","geometry":null,"properties":{"board_tot":"60252","certified_tot":"60252","mailed_tot":"60252","mailed_bldg":"50147","board_land":"10105","certified_land":"10105","year":"2008","township_code":"19","board_bldg":"50147","township_name":"Lemont","class":"204","pin":"22354050080000","mailed_land":"10105","nbhd":"19060","certified_bldg":"50147"}},{"type":"Feature","geometry":null,"properties":{"board_tot":"57239","certified_tot":"57239","mailed_tot":"57239","mailed_bldg":"50923","board_land":"6316","certified_land":"6316","year":"2009","township_code":"19","board_bldg":"50923","township_name":"Lemont","class":"204","pin":"22354050080000","mailed_land":"6316","nbhd":"19060","certified_bldg":"50923"}},{"type":"Feature","geometry":null,"properties":{"board_tot":"26996.0","certified_tot":"26996.0","mailed_tot":"26996.0","mailed_bldg":"21497.0","board_land":"5499.0","certified_land":"5499.0","year":"2024","township_code":"23","board_bldg":"21497.0","township_name":"New Trier","class":"295","pin":"05283160250000","mailed_land":"5499.0","nbhd":"23092","certified_bldg":"21497.0"}},{"type":"Feature","geometry":null,"properties":{"board_tot":"57239","certified_tot":"57239","mailed_tot":"57239","mailed_bldg":"50923","board_land":"6316","certified_land":"6316","year":"2010","township_code":"19","board_bldg":"50923","township_name":"Lemont","class":"204","pin":"22354050080000","mailed_land":"6316","nbhd":"19060","certified_bldg":"50923"}},{"type":"Feature","geometry":null,"properties":{"board_tot":"46448","certified_tot":"50181","mailed_tot":"54927","mailed_bldg":"48611","board_land":"6316","certified_land":"6316","year":"2011","township_code":"19","board_bldg":"40132","township_name":"Lemont","class":"204","pin":"22354050080000","mailed_land":"6316","nbhd":"19060","certified_bldg":"43865"}},{"type":"Feature","geometry":null,"properties":{"board_tot":"46448","certified_tot":"46448","mailed_tot":"46448","mailed_bldg":"40132","board_land":"6316","certified_land":"6316","year":"2012","township_code":"19","board_bldg":"40132","township_name":"Lemont","class":"204","pin":"22354050080000","mailed_land":"6316","nbhd":"19060","certified_bldg":"40132"}},{"type":"Feature","geometry":null,"properties":{"board_tot":"44336","certified_tot":"46448","mailed_tot":"46448","mailed_bldg":"40132","board_land":"6316","certified_land":"6316","year":"2013","township_code":"19","board_bldg":"38020","township_name":"Lemont","class":"204","pin":"22354050080000","mailed_land":"6316","nbhd":"19060","certified_bldg":"40132"}},{"type":"Feature","geometry":null,"properties":{"board_tot":"42438","certified_tot":"46397","mailed_tot":"49948","mailed_bldg":"43632","board_land":"6316","certified_land":"6316","year":"2014","township_code":"19","board_bldg":"36122","township_name":"Lemont","class":"204","pin":"22354050080000","mailed_land":"6316","nbhd":"19060","certified_bldg":"40081"}},{"type":"Feature","geometry":null,"properties":{"board_tot":"42438","certified_tot":"42438","mailed_tot":"42438","mailed_bldg":"36122","board_land":"6316","certified_land":"6316","year":"2015","township_code":"19","board_bldg":"36122","township_name":"Lemont","class":"204","pin":"22354050080000","mailed_land":"6316","nbhd":"19060","certified_bldg":"36122"}},{"type":"Feature","geometry":null,"properties":{"board_tot":"42438","certified_tot":"42438","mailed_tot":"42438","mailed_bldg":"36122","board_land":"6316","certified_land":"6316","year":"2016","township_code":"19","board_bldg":"36122","township_name":"Lemont","class":"204","pin":"22354050080000","mailed_land":"6316","nbhd":"19060","certified_bldg":"36122"}},{"type":"Feature","geometry":null,"properties":{"board_tot":"45485","certified_tot":"50923","mailed_tot":"55153","mailed_bldg":"47258","board_land":"7895","certified_land":"7895","year":"2017","township_code":"19","board_bldg":"37590","township_name":"Lemont","class":"204","pin":"22354050080000","mailed_land":"7895","nbhd":"19060","certified_bldg":"43028"}},{"type":"Feature","geometry":null,"properties":{"board_tot":"45485","certified_tot":"45485","mailed_tot":"45485","mailed_bldg":"37590","board_land":"7895","certified_land":"7895","year":"2018","township_code":"19","board_bldg":"37590","township_name":"Lemont","class":"204","pin":"22354050080000","mailed_land":"7895","nbhd":"19060","certified_bldg":"37590"}},{"type":"Feature","geometry":null,"properties":{"board_tot":"45485","certified_tot":"45485","mailed_tot":"45485","mailed_bldg":"37590","board_land":"7895","certified_land":"7895","year":"2019","township_code":"19","board_bldg":"37590","township_name":"Lemont","class":"204","pin":"22354050080000","mailed_land":"7895","nbhd":"19060","certified_bldg":"37590"}},{"type":"Feature","geometry":null,"properties":{"board_tot":"49960","certified_tot":"52192","mailed_tot":"52192","mailed_bldg":"44297","board_land":"7895","certified_land":"7895","year":"2020","township_code":"19","board_bldg":"42065","township_name":"Lemont","class":"204","pin":"22354050080000","mailed_land":"7895","nbhd":"19060","certified_bldg":"44297"}},{"type":"Feature","geometry":null,"properties":{"board_tot":"44125","certified_tot":"49960","mailed_tot":"49960","mailed_bldg":"42065","board_land":"7895","certified_land":"7895","year":"2021","township_code":"19","board_bldg":"36230","township_name":"Lemont","class":"204","pin":"22354050080000","mailed_land":"7895","nbhd":"19060","certified_bldg":"42065"}},{"type":"Feature","geometry":null,"properties":{"board_tot":"44125","certified_tot":"44125","mailed_tot":"44125","mailed_bldg":"36230","board_land":"7895","certified_land":"7895","year":"2022","township_code":"19","board_bldg":"36230","township_name":"Lemont","class":"204","pin":"22354050080000","mailed_land":"7895","nbhd":"19060","certified_bldg":"36230"}},{"type":"Feature","geometry":null,"properties":{"board_tot":"61877","certified_tot":"64000","mailed_tot":"64000","mailed_bldg":"43472","board_land":"20528","certified_land":"20528","year":"2023","township_code":"19","board_bldg":"41349","township_name":"Lemont","class":"204","pin":"22354050080000","mailed_land":"20528","nbhd":"19060","certified_bldg":"43472"}},{"type":"Feature","geometry":null,"properties":{"board_tot":"34774","certified_tot":"34774","mailed_tot":"34774","mailed_bldg":"26989","board_land":"7785","certified_land":"7785","year":"1999","township_code":"19","board_bldg":"26989","township_name":"Lemont","class":"278","pin":"22354050090000","mailed_land":"7785","nbhd":"19060","certified_bldg":"26989"}},{"type":"Feature","geometry":null,"properties":{"board_tot":"34774","certified_tot":"34774","mailed_tot":"34774","mailed_bldg":"26989","board_land":"7785","certified_land":"7785","year":"2000","township_code":"19","board_bldg":"26989","township_name":"Lemont","class":"278","pin":"22354050090000","mailed_land":"7785","nbhd":"19060","certified_bldg":"26989"}},{"type":"Feature","geometry":null,"properties":{"board_tot":"34774","certified_tot":"34774","mailed_tot":"34774","mailed_bldg":"26989","board_land":"7785","certified_land":"7785","year":"2001","township_code":"19","board_bldg":"26989","township_name":"Lemont","class":"278","pin":"22354050090000","mailed_land":"7785","nbhd":"19060","certified_bldg":"26989"}},{"type":"Feature","geometry":null,"properties":{"board_tot":"42386","certified_tot":"42386","mailed_tot":"42386","mailed_bldg":"34601","board_land":"7785","certified_land":"7785","year":"2002","township_code":"19","board_bldg":"34601","township_name":"Lemont","class":"278","pin":"22354050090000","mailed_land":"7785","nbhd":"19060","certified_bldg":"34601"}},{"type":"Feature","geometry":null,"properties":{"board_tot":"42386","certified_tot":"42386","mailed_tot":"42386","mailed_bldg":"34601","board_land":"7785","certified_land":"7785","year":"2003","township_code":"19","board_bldg":"34601","township_name":"Lemont","class":"278","pin":"22354050090000","mailed_land":"7785","nbhd":"19060","certified_bldg":"34601"}},{"type":"Feature","geometry":null,"properties":{"board_tot":"42386","certified_tot":"42386","mailed_tot":"42386","mailed_bldg":"34601","board_land":"7785","certified_land":"7785","year":"2004","township_code":"19","board_bldg":"34601","township_name":"Lemont","class":"278","pin":"22354050090000","mailed_land":"7785","nbhd":"19060","certified_bldg":"34601"}},{"type":"Feature","geometry":null,"properties":{"board_tot":"53965","certified_tot":"53965","mailed_tot":"53965","mailed_bldg":"45487","board_land":"8478","certified_land":"8478","year":"2005","township_code":"19","board_bldg":"45487","township_name":"Lemont","class":"278","pin":"22354050090000","mailed_land":"8478","nbhd":"19060","certified_bldg":"45487"}},{"type":"Feature","geometry":null,"properties":{"board_tot":"53965","certified_tot":"53965","mailed_tot":"53965","mailed_bldg":"45487","board_land":"8478","certified_land":"8478","year":"2006","township_code":"19","board_bldg":"45487","township_name":"Lemont","class":"278","pin":"22354050090000","mailed_land":"8478","nbhd":"19060","certified_bldg":"45487"}},{"type":"Feature","geometry":null,"properties":{"board_tot":"53965","certified_tot":"53965","mailed_tot":"53965","mailed_bldg":"45487","board_land":"8478","certified_land":"8478","year":"2007","township_code":"19","board_bldg":"45487","township_name":"Lemont","class":"278","pin":"22354050090000","mailed_land":"8478","nbhd":"19060","certified_bldg":"45487"}},{"type":"Feature","geometry":null,"properties":{"board_tot":"61019","certified_tot":"61019","mailed_tot":"61019","mailed_bldg":"49715","board_land":"11304","certified_land":"11304","year":"2008","township_code":"19","board_bldg":"49715","township_name":"Lemont","class":"278","pin":"22354050090000","mailed_land":"11304","nbhd":"19060","certified_bldg":"49715"}},{"type":"Feature","geometry":null,"properties":{"board_tot":"57968","certified_tot":"57968","mailed_tot":"57968","mailed_bldg":"50903","board_land":"7065","certified_land":"7065","year":"2009","township_code":"19","board_bldg":"50903","township_name":"Lemont","class":"278","pin":"22354050090000","mailed_land":"7065","nbhd":"19060","certified_bldg":"50903"}},{"type":"Feature","geometry":null,"properties":{"board_tot":"57968","certified_tot":"57968","mailed_tot":"57968","mailed_bldg":"50903","board_land":"7065","certified_land":"7065","year":"2010","township_code":"19","board_bldg":"50903","township_name":"Lemont","class":"278","pin":"22354050090000","mailed_land":"7065","nbhd":"19060","certified_bldg":"50903"}},{"type":"Feature","geometry":null,"properties":{"board_tot":"49150","certified_tot":"49150","mailed_tot":"49150","mailed_bldg":"42085","board_land":"7065","certified_land":"7065","year":"2011","township_code":"19","board_bldg":"42085","township_name":"Lemont","class":"278","pin":"22354050090000","mailed_land":"7065","nbhd":"19060","certified_bldg":"42085"}},{"type":"Feature","geometry":null,"properties":{"board_tot":"49150","certified_tot":"49150","mailed_tot":"49150","mailed_bldg":"42085","board_land":"7065","certified_land":"7065","year":"2012","township_code":"19","board_bldg":"42085","township_name":"Lemont","class":"278","pin":"22354050090000","mailed_land":"7065","nbhd":"19060","certified_bldg":"42085"}},{"type":"Feature","geometry":null,"properties":{"board_tot":"49150","certified_tot":"49150","mailed_tot":"49150","mailed_bldg":"42085","board_land":"7065","certified_land":"7065","year":"2013","township_code":"19","board_bldg":"42085","township_name":"Lemont","class":"278","pin":"22354050090000","mailed_land":"7065","nbhd":"19060","certified_bldg":"42085"}},{"type":"Feature","geometry":null,"properties":{"board_tot":"45686","certified_tot":"45686","mailed_tot":"45686","mailed_bldg":"38621","board_land":"7065","certified_land":"7065","year":"2014","township_code":"19","board_bldg":"38621","township_name":"Lemont","class":"278","pin":"22354050090000","mailed_land":"7065","nbhd":"19060","certified_bldg":"38621"}},{"type":"Feature","geometry":null,"properties":{"board_tot":"45686","certified_tot":"45686","mailed_tot":"45686","mailed_bldg":"38621","board_land":"7065","certified_land":"7065","year":"2015","township_code":"19","board_bldg":"38621","township_name":"Lemont","class":"278","pin":"22354050090000","mailed_land":"7065","nbhd":"19060","certified_bldg":"38621"}},{"type":"Feature","geometry":null,"properties":{"board_tot":"45686","certified_tot":"45686","mailed_tot":"45686","mailed_bldg":"38621","board_land":"7065","certified_land":"7065","year":"2016","township_code":"19","board_bldg":"38621","township_name":"Lemont","class":"278","pin":"22354050090000","mailed_land":"7065","nbhd":"19060","certified_bldg":"38621"}},{"type":"Feature","geometry":null,"properties":{"board_tot":"56000","certified_tot":"58851","mailed_tot":"58851","mailed_bldg":"50020","board_land":"8831","certified_land":"8831","year":"2017","township_code":"19","board_bldg":"47169","township_name":"Lemont","class":"278","pin":"22354050090000","mailed_land":"8831","nbhd":"19060","certified_bldg":"50020"}},{"type":"Feature","geometry":null,"properties":{"board_tot":"40380","certified_tot":"56000","mailed_tot":"56000","mailed_bldg":"47169","board_land":"8831","certified_land":"8831","year":"2018","township_code":"19","board_bldg":"31549","township_name":"Lemont","class":"278","pin":"22354050090000","mailed_land":"8831","nbhd":"19060","certified_bldg":"47169"}},{"type":"Feature","geometry":null,"properties":{"board_tot":"38999","certified_tot":"40380","mailed_tot":"40380","mailed_bldg":"31549","board_land":"8831","certified_land":"8831","year":"2019","township_code":"19","board_bldg":"30168","township_name":"Lemont","class":"278","pin":"22354050090000","mailed_land":"8831","nbhd":"19060","certified_bldg":"31549"}},{"type":"Feature","geometry":null,"properties":{"board_tot":"37004","certified_tot":"46237","mailed_tot":"46237","mailed_bldg":"37406","board_land":"8832","certified_land":"8831","year":"2020","township_code":"19","board_bldg":"28172","township_name":"Lemont","class":"278","pin":"22354050090000","mailed_land":"8831","nbhd":"19060","certified_bldg":"37406"}},{"type":"Feature","geometry":null,"properties":{"board_tot":"37004","certified_tot":"37004","mailed_tot":"37004","mailed_bldg":"28172","board_land":"8832","certified_land":"8832","year":"2021","township_code":"19","board_bldg":"28172","township_name":"Lemont","class":"278","pin":"22354050090000","mailed_land":"8832","nbhd":"19060","certified_bldg":"28172"}},{"type":"Feature","geometry":null,"properties":{"board_tot":"37004","certified_tot":"37004","mailed_tot":"37004","mailed_bldg":"28172","board_land":"8832","certified_land":"8832","year":"2022","township_code":"19","board_bldg":"28172","township_name":"Lemont","class":"278","pin":"22354050090000","mailed_land":"8832","nbhd":"19060","certified_bldg":"28172"}},{"type":"Feature","geometry":null,"properties":{"board_tot":"62000","certified_tot":"62000","mailed_tot":"62000","mailed_bldg":"39037","board_land":"22963","certified_land":"22963","year":"2023","township_code":"19","board_bldg":"39037","township_name":"Lemont","class":"278","pin":"22354050090000","mailed_land":"22963","nbhd":"19060","certified_bldg":"39037"}},{"type":"Feature","geometry":null,"properties":{"board_tot":"107736.0","certified_tot":"113024.0","mailed_tot":"113024.0","mailed_bldg":"73361.0","board_land":"39663.0","certified_land":"39663.0","year":"2024","township_code":"23","board_bldg":"68073.0","township_name":"New Trier","class":"204","pin":"05284000130000","mailed_land":"39663.0","nbhd":"23110","certified_bldg":"73361.0"}},{"type":"Feature","geometry":null,"properties":{"board_tot":"32963","certified_tot":"32963","mailed_tot":"32963","mailed_bldg":"26013","board_land":"6950","certified_land":"6950","year":"1999","township_code":"19","board_bldg":"26013","township_name":"Lemont","class":"204","pin":"22354050100000","mailed_land":"6950","nbhd":"19060","certified_bldg":"26013"}},{"type":"Feature","geometry":null,"properties":{"board_tot":"32963","certified_tot":"32963","mailed_tot":"32963","mailed_bldg":"26013","board_land":"6950","certified_land":"6950","year":"2000","township_code":"19","board_bldg":"26013","township_name":"Lemont","class":"204","pin":"22354050100000","mailed_land":"6950","nbhd":"19060","certified_bldg":"26013"}},{"type":"Feature","geometry":null,"properties":{"board_tot":"133833.0","certified_tot":"133833.0","mailed_tot":"133833.0","mailed_bldg":"93783.0","board_land":"40050.0","certified_land":"40050.0","year":"2024","township_code":"23","board_bldg":"93783.0","township_name":"New Trier","class":"206","pin":"05284010130000","mailed_land":"40050.0","nbhd":"23110","certified_bldg":"93783.0"}},{"type":"Feature","geometry":null,"properties":{"board_tot":"32963","certified_tot":"32963","mailed_tot":"32963","mailed_bldg":"26013","board_land":"6950","certified_land":"6950","year":"2001","township_code":"19","board_bldg":"26013","township_name":"Lemont","class":"204","pin":"22354050100000","mailed_land":"6950","nbhd":"19060","certified_bldg":"26013"}},{"type":"Feature","geometry":null,"properties":{"board_tot":"41475","certified_tot":"41475","mailed_tot":"41475","mailed_bldg":"34525","board_land":"6950","certified_land":"6950","year":"2002","township_code":"19","board_bldg":"34525","township_name":"Lemont","class":"204","pin":"22354050100000","mailed_land":"6950","nbhd":"19060","certified_bldg":"34525"}},{"type":"Feature","geometry":null,"properties":{"board_tot":"39881","certified_tot":"41475","mailed_tot":"41475","mailed_bldg":"34525","board_land":"6950","certified_land":"6950","year":"2003","township_code":"19","board_bldg":"32931","township_name":"Lemont","class":"204","pin":"22354050100000","mailed_land":"6950","nbhd":"19060","certified_bldg":"34525"}},{"type":"Feature","geometry":null,"properties":{"board_tot":"39881","certified_tot":"39881","mailed_tot":"39881","mailed_bldg":"32931","board_land":"6950","certified_land":"6950","year":"2004","township_code":"19","board_bldg":"32931","township_name":"Lemont","class":"204","pin":"22354050100000","mailed_land":"6950","nbhd":"19060","certified_bldg":"32931"}},{"type":"Feature","geometry":null,"properties":{"board_tot":"51567","certified_tot":"53606","mailed_tot":"53606","mailed_bldg":"46038","board_land":"7568","certified_land":"7568","year":"2005","township_code":"19","board_bldg":"43999","township_name":"Lemont","class":"204","pin":"22354050100000","mailed_land":"7568","nbhd":"19060","certified_bldg":"46038"}},{"type":"Feature","geometry":null,"properties":{"board_tot":"51567","certified_tot":"51567","mailed_tot":"51567","mailed_bldg":"43999","board_land":"7568","certified_land":"7568","year":"2006","township_code":"19","board_bldg":"43999","township_name":"Lemont","class":"204","pin":"22354050100000","mailed_land":"7568","nbhd":"19060","certified_bldg":"43999"}},{"type":"Feature","geometry":null,"properties":{"board_tot":"51567","certified_tot":"51567","mailed_tot":"51567","mailed_bldg":"43999","board_land":"7568","certified_land":"7568","year":"2007","township_code":"19","board_bldg":"43999","township_name":"Lemont","class":"204","pin":"22354050100000","mailed_land":"7568","nbhd":"19060","certified_bldg":"43999"}},{"type":"Feature","geometry":null,"properties":{"board_tot":"56001","certified_tot":"56001","mailed_tot":"56001","mailed_bldg":"45910","board_land":"10091","certified_land":"10091","year":"2008","township_code":"19","board_bldg":"45910","township_name":"Lemont","class":"204","pin":"22354050100000","mailed_land":"10091","nbhd":"19060","certified_bldg":"45910"}},{"type":"Feature","geometry":null,"properties":{"board_tot":"53200","certified_tot":"53200","mailed_tot":"53200","mailed_bldg":"46893","board_land":"6307","certified_land":"6307","year":"2009","township_code":"19","board_bldg":"46893","township_name":"Lemont","class":"204","pin":"22354050100000","mailed_land":"6307","nbhd":"19060","certified_bldg":"46893"}},{"type":"Feature","geometry":null,"properties":{"board_tot":"53200","certified_tot":"53200","mailed_tot":"53200","mailed_bldg":"46893","board_land":"6307","certified_land":"6307","year":"2010","township_code":"19","board_bldg":"46893","township_name":"Lemont","class":"204","pin":"22354050100000","mailed_land":"6307","nbhd":"19060","certified_bldg":"46893"}},{"type":"Feature","geometry":null,"properties":{"board_tot":"40551","certified_tot":"48739","mailed_tot":"48739","mailed_bldg":"42432","board_land":"6307","certified_land":"6307","year":"2011","township_code":"19","board_bldg":"34244","township_name":"Lemont","class":"204","pin":"22354050100000","mailed_land":"6307","nbhd":"19060","certified_bldg":"42432"}},{"type":"Feature","geometry":null,"properties":{"board_tot":"40551","certified_tot":"40551","mailed_tot":"40551","mailed_bldg":"34244","board_land":"6307","certified_land":"6307","year":"2012","township_code":"19","board_bldg":"34244","township_name":"Lemont","class":"204","pin":"22354050100000","mailed_land":"6307","nbhd":"19060","certified_bldg":"34244"}},{"type":"Feature","geometry":null,"properties":{"board_tot":"40551","certified_tot":"40551","mailed_tot":"40551","mailed_bldg":"34244","board_land":"6307","certified_land":"6307","year":"2013","township_code":"19","board_bldg":"34244","township_name":"Lemont","class":"204","pin":"22354050100000","mailed_land":"6307","nbhd":"19060","certified_bldg":"34244"}},{"type":"Feature","geometry":null,"properties":{"board_tot":"34952","certified_tot":"42225","mailed_tot":"46011","mailed_bldg":"39704","board_land":"6307","certified_land":"6307","year":"2014","township_code":"19","board_bldg":"28645","township_name":"Lemont","class":"204","pin":"22354050100000","mailed_land":"6307","nbhd":"19060","certified_bldg":"35918"}},{"type":"Feature","geometry":null,"properties":{"board_tot":"34952","certified_tot":"34952","mailed_tot":"34952","mailed_bldg":"28645","board_land":"6307","certified_land":"6307","year":"2015","township_code":"19","board_bldg":"28645","township_name":"Lemont","class":"204","pin":"22354050100000","mailed_land":"6307","nbhd":"19060","certified_bldg":"28645"}},{"type":"Feature","geometry":null,"properties":{"board_tot":"34952","certified_tot":"34952","mailed_tot":"34952","mailed_bldg":"28645","board_land":"6307","certified_land":"6307","year":"2016","township_code":"19","board_bldg":"28645","township_name":"Lemont","class":"204","pin":"22354050100000","mailed_land":"6307","nbhd":"19060","certified_bldg":"28645"}},{"type":"Feature","geometry":null,"properties":{"board_tot":"38175","certified_tot":"41350","mailed_tot":"52681","mailed_bldg":"44797","board_land":"7884","certified_land":"7884","year":"2017","township_code":"19","board_bldg":"30291","township_name":"Lemont","class":"204","pin":"22354050100000","mailed_land":"7884","nbhd":"19060","certified_bldg":"33466"}},{"type":"Feature","geometry":null,"properties":{"board_tot":"38175","certified_tot":"38175","mailed_tot":"38175","mailed_bldg":"30291","board_land":"7884","certified_land":"7884","year":"2018","township_code":"19","board_bldg":"30291","township_name":"Lemont","class":"204","pin":"22354050100000","mailed_land":"7884","nbhd":"19060","certified_bldg":"30291"}},{"type":"Feature","geometry":null,"properties":{"board_tot":"38175","certified_tot":"38175","mailed_tot":"38175","mailed_bldg":"30291","board_land":"7884","certified_land":"7884","year":"2019","township_code":"19","board_bldg":"30291","township_name":"Lemont","class":"204","pin":"22354050100000","mailed_land":"7884","nbhd":"19060","certified_bldg":"30291"}},{"type":"Feature","geometry":null,"properties":{"board_tot":"40950","certified_tot":"43411","mailed_tot":"43411","mailed_bldg":"35527","board_land":"7884","certified_land":"7884","year":"2020","township_code":"19","board_bldg":"33066","township_name":"Lemont","class":"204","pin":"22354050100000","mailed_land":"7884","nbhd":"19060","certified_bldg":"35527"}},{"type":"Feature","geometry":null,"properties":{"board_tot":"40950","certified_tot":"40950","mailed_tot":"40950","mailed_bldg":"33066","board_land":"7884","certified_land":"7884","year":"2021","township_code":"19","board_bldg":"33066","township_name":"Lemont","class":"204","pin":"22354050100000","mailed_land":"7884","nbhd":"19060","certified_bldg":"33066"}},{"type":"Feature","geometry":null,"properties":{"board_tot":"40950","certified_tot":"40950","mailed_tot":"40950","mailed_bldg":"33066","board_land":"7884","certified_land":"7884","year":"2022","township_code":"19","board_bldg":"33066","township_name":"Lemont","class":"204","pin":"22354050100000","mailed_land":"7884","nbhd":"19060","certified_bldg":"33066"}},{"type":"Feature","geometry":null,"properties":{"board_tot":"55633","certified_tot":"55633","mailed_tot":"58000","mailed_bldg":"37501","board_land":"20499","certified_land":"20499","year":"2023","township_code":"19","board_bldg":"35134","township_name":"Lemont","class":"204","pin":"22354050100000","mailed_land":"20499","nbhd":"19060","certified_bldg":"35134"}},{"type":"Feature","geometry":null,"properties":{"board_tot":"64000.0","certified_tot":"64000.0","mailed_tot":"64000.0","mailed_bldg":"44000.0","board_land":"20000.0","certified_land":"20000.0","year":"2024","township_code":"23","board_bldg":"44000.0","township_name":"New Trier","class":"204","pin":"05284110040000","mailed_land":"20000.0","nbhd":"23092","certified_bldg":"44000.0"}},{"type":"Feature","geometry":null,"properties":{"board_tot":"39976","certified_tot":"39976","mailed_tot":"39976","mailed_bldg":"32709","board_land":"7267","certified_land":"7267","year":"1999","township_code":"19","board_bldg":"32709","township_name":"Lemont","class":"208","pin":"22354050110000","mailed_land":"7267","nbhd":"19060","certified_bldg":"32709"}},{"type":"Feature","geometry":null,"properties":{"board_tot":"39976","certified_tot":"39976","mailed_tot":"39976","mailed_bldg":"32709","board_land":"7267","certified_land":"7267","year":"2000","township_code":"19","board_bldg":"32709","township_name":"Lemont","class":"208","pin":"22354050110000","mailed_land":"7267","nbhd":"19060","certified_bldg":"32709"}},{"type":"Feature","geometry":null,"properties":{"board_tot":"39976","certified_tot":"39976","mailed_tot":"39976","mailed_bldg":"32709","board_land":"7267","certified_land":"7267","year":"2001","township_code":"19","board_bldg":"32709","township_name":"Lemont","class":"208","pin":"22354050110000","mailed_land":"7267","nbhd":"19060","certified_bldg":"32709"}},{"type":"Feature","geometry":null,"properties":{"board_tot":"49094","certified_tot":"49094","mailed_tot":"49094","mailed_bldg":"41827","board_land":"7267","certified_land":"7267","year":"2002","township_code":"19","board_bldg":"41827","township_name":"Lemont","class":"208","pin":"22354050110000","mailed_land":"7267","nbhd":"19060","certified_bldg":"41827"}},{"type":"Feature","geometry":null,"properties":{"board_tot":"49094","certified_tot":"49094","mailed_tot":"49094","mailed_bldg":"41827","board_land":"7267","certified_land":"7267","year":"2003","township_code":"19","board_bldg":"41827","township_name":"Lemont","class":"208","pin":"22354050110000","mailed_land":"7267","nbhd":"19060","certified_bldg":"41827"}},{"type":"Feature","geometry":null,"properties":{"board_tot":"49094","certified_tot":"49094","mailed_tot":"49094","mailed_bldg":"41827","board_land":"7267","certified_land":"7267","year":"2004","township_code":"19","board_bldg":"41827","township_name":"Lemont","class":"208","pin":"22354050110000","mailed_land":"7267","nbhd":"19060","certified_bldg":"41827"}},{"type":"Feature","geometry":null,"properties":{"board_tot":"56563","certified_tot":"56563","mailed_tot":"56563","mailed_bldg":"48650","board_land":"7913","certified_land":"7913","year":"2005","township_code":"19","board_bldg":"48650","township_name":"Lemont","class":"208","pin":"22354050110000","mailed_land":"7913","nbhd":"19060","certified_bldg":"48650"}},{"type":"Feature","geometry":null,"properties":{"board_tot":"56563","certified_tot":"56563","mailed_tot":"56563","mailed_bldg":"48650","board_land":"7913","certified_land":"7913","year":"2006","township_code":"19","board_bldg":"48650","township_name":"Lemont","class":"208","pin":"22354050110000","mailed_land":"7913","nbhd":"19060","certified_bldg":"48650"}},{"type":"Feature","geometry":null,"properties":{"board_tot":"56563","certified_tot":"56563","mailed_tot":"56563","mailed_bldg":"48650","board_land":"7913","certified_land":"7913","year":"2007","township_code":"19","board_bldg":"48650","township_name":"Lemont","class":"208","pin":"22354050110000","mailed_land":"7913","nbhd":"19060","certified_bldg":"48650"}},{"type":"Feature","geometry":null,"properties":{"board_tot":"64842","certified_tot":"64842","mailed_tot":"64842","mailed_bldg":"54291","board_land":"10551","certified_land":"10551","year":"2008","township_code":"19","board_bldg":"54291","township_name":"Lemont","class":"208","pin":"22354050110000","mailed_land":"10551","nbhd":"19060","certified_bldg":"54291"}},{"type":"Feature","geometry":null,"properties":{"board_tot":"61599","certified_tot":"61599","mailed_tot":"61599","mailed_bldg":"55005","board_land":"6594","certified_land":"6594","year":"2009","township_code":"19","board_bldg":"55005","township_name":"Lemont","class":"208","pin":"22354050110000","mailed_land":"6594","nbhd":"19060","certified_bldg":"55005"}},{"type":"Feature","geometry":null,"properties":{"board_tot":"52285","certified_tot":"58358","mailed_tot":"61599","mailed_bldg":"55005","board_land":"6594","certified_land":"6594","year":"2010","township_code":"19","board_bldg":"45691","township_name":"Lemont","class":"208","pin":"22354050110000","mailed_land":"6594","nbhd":"19060","certified_bldg":"51764"}},{"type":"Feature","geometry":null,"properties":{"board_tot":"51751","certified_tot":"56732","mailed_tot":"56732","mailed_bldg":"50138","board_land":"6594","certified_land":"6594","year":"2011","township_code":"19","board_bldg":"45157","township_name":"Lemont","class":"208","pin":"22354050110000","mailed_land":"6594","nbhd":"19060","certified_bldg":"50138"}},{"type":"Feature","geometry":null,"properties":{"board_tot":"46853","certified_tot":"46853","mailed_tot":"51751","mailed_bldg":"45157","board_land":"6594","certified_land":"6594","year":"2012","township_code":"19","board_bldg":"40259","township_name":"Lemont","class":"208","pin":"22354050110000","mailed_land":"6594","nbhd":"19060","certified_bldg":"40259"}},{"type":"Feature","geometry":null,"properties":{"board_tot":"46853","certified_tot":"46853","mailed_tot":"46853","mailed_bldg":"40259","board_land":"6594","certified_land":"6594","year":"2013","township_code":"19","board_bldg":"40259","township_name":"Lemont","class":"208","pin":"22354050110000","mailed_land":"6594","nbhd":"19060","certified_bldg":"40259"}},{"type":"Feature","geometry":null,"properties":{"board_tot":"52483","certified_tot":"52483","mailed_tot":"52483","mailed_bldg":"45889","board_land":"6594","certified_land":"6594","year":"2014","township_code":"19","board_bldg":"45889","township_name":"Lemont","class":"208","pin":"22354050110000","mailed_land":"6594","nbhd":"19060","certified_bldg":"45889"}},{"type":"Feature","geometry":null,"properties":{"board_tot":"52483","certified_tot":"52483","mailed_tot":"52483","mailed_bldg":"45889","board_land":"6594","certified_land":"6594","year":"2015","township_code":"19","board_bldg":"45889","township_name":"Lemont","class":"208","pin":"22354050110000","mailed_land":"6594","nbhd":"19060","certified_bldg":"45889"}},{"type":"Feature","geometry":null,"properties":{"board_tot":"52483","certified_tot":"52483","mailed_tot":"52483","mailed_bldg":"45889","board_land":"6594","certified_land":"6594","year":"2016","township_code":"19","board_bldg":"45889","township_name":"Lemont","class":"208","pin":"22354050110000","mailed_land":"6594","nbhd":"19060","certified_bldg":"45889"}},{"type":"Feature","geometry":null,"properties":{"board_tot":"49930","certified_tot":"56143","mailed_tot":"56143","mailed_bldg":"47900","board_land":"8243","certified_land":"8243","year":"2017","township_code":"19","board_bldg":"41687","township_name":"Lemont","class":"208","pin":"22354050110000","mailed_land":"8243","nbhd":"19060","certified_bldg":"47900"}},{"type":"Feature","geometry":null,"properties":{"board_tot":"49930","certified_tot":"49930","mailed_tot":"49930","mailed_bldg":"41687","board_land":"8243","certified_land":"8243","year":"2018","township_code":"19","board_bldg":"41687","township_name":"Lemont","class":"208","pin":"22354050110000","mailed_land":"8243","nbhd":"19060","certified_bldg":"41687"}},{"type":"Feature","geometry":null,"properties":{"board_tot":"46237","certified_tot":"49930","mailed_tot":"49930","mailed_bldg":"41687","board_land":"8243","certified_land":"8243","year":"2019","township_code":"19","board_bldg":"37994","township_name":"Lemont","class":"208","pin":"22354050110000","mailed_land":"8243","nbhd":"19060","certified_bldg":"41687"}},{"type":"Feature","geometry":null,"properties":{"board_tot":"54074","certified_tot":"54074","mailed_tot":"54074","mailed_bldg":"45831","board_land":"8243","certified_land":"8243","year":"2020","township_code":"19","board_bldg":"45831","township_name":"Lemont","class":"208","pin":"22354050110000","mailed_land":"8243","nbhd":"19060","certified_bldg":"45831"}},{"type":"Feature","geometry":null,"properties":{"board_tot":"54075","certified_tot":"54075","mailed_tot":"54075","mailed_bldg":"45831","board_land":"8244","certified_land":"8244","year":"2021","township_code":"19","board_bldg":"45831","township_name":"Lemont","class":"208","pin":"22354050110000","mailed_land":"8244","nbhd":"19060","certified_bldg":"45831"}},{"type":"Feature","geometry":null,"properties":{"board_tot":"54075","certified_tot":"54075","mailed_tot":"54075","mailed_bldg":"45831","board_land":"8244","certified_land":"8244","year":"2022","township_code":"19","board_bldg":"45831","township_name":"Lemont","class":"208","pin":"22354050110000","mailed_land":"8244","nbhd":"19060","certified_bldg":"45831"}},{"type":"Feature","geometry":null,"properties":{"board_tot":"67000","certified_tot":"67000","mailed_tot":"67000","mailed_bldg":"45567","board_land":"21433","certified_land":"21433","year":"2023","township_code":"19","board_bldg":"45567","township_name":"Lemont","class":"208","pin":"22354050110000","mailed_land":"21433","nbhd":"19060","certified_bldg":"45567"}},{"type":"Feature","geometry":null,"properties":{"board_tot":"33042","certified_tot":"34853","mailed_tot":"34853","mailed_bldg":"27769","board_land":"7084","certified_land":"7084","year":"1999","township_code":"19","board_bldg":"25958","township_name":"Lemont","class":"204","pin":"22354050120000","mailed_land":"7084","nbhd":"19060","certified_bldg":"27769"}},{"type":"Feature","geometry":null,"properties":{"board_tot":"33042","certified_tot":"33042","mailed_tot":"33042","mailed_bldg":"25958","board_land":"7084","certified_land":"7084","year":"2000","township_code":"19","board_bldg":"25958","township_name":"Lemont","class":"204","pin":"22354050120000","mailed_land":"7084","nbhd":"19060","certified_bldg":"25958"}},{"type":"Feature","geometry":null,"properties":{"board_tot":"33042","certified_tot":"33042","mailed_tot":"33042","mailed_bldg":"25958","board_land":"7084","certified_land":"7084","year":"2001","township_code":"19","board_bldg":"25958","township_name":"Lemont","class":"204","pin":"22354050120000","mailed_land":"7084","nbhd":"19060","certified_bldg":"25958"}},{"type":"Feature","geometry":null,"properties":{"board_tot":"41496","certified_tot":"41496","mailed_tot":"41496","mailed_bldg":"34412","board_land":"7084","certified_land":"7084","year":"2002","township_code":"19","board_bldg":"34412","township_name":"Lemont","class":"204","pin":"22354050120000","mailed_land":"7084","nbhd":"19060","certified_bldg":"34412"}},{"type":"Feature","geometry":null,"properties":{"board_tot":"41496","certified_tot":"41496","mailed_tot":"41496","mailed_bldg":"34412","board_land":"7084","certified_land":"7084","year":"2003","township_code":"19","board_bldg":"34412","township_name":"Lemont","class":"204","pin":"22354050120000","mailed_land":"7084","nbhd":"19060","certified_bldg":"34412"}},{"type":"Feature","geometry":null,"properties":{"board_tot":"41496","certified_tot":"41496","mailed_tot":"41496","mailed_bldg":"34412","board_land":"7084","certified_land":"7084","year":"2004","township_code":"19","board_bldg":"34412","township_name":"Lemont","class":"204","pin":"22354050120000","mailed_land":"7084","nbhd":"19060","certified_bldg":"34412"}},{"type":"Feature","geometry":null,"properties":{"board_tot":"53080","certified_tot":"53080","mailed_tot":"53080","mailed_bldg":"45365","board_land":"7715","certified_land":"7715","year":"2005","township_code":"19","board_bldg":"45365","township_name":"Lemont","class":"204","pin":"22354050120000","mailed_land":"7715","nbhd":"19060","certified_bldg":"45365"}},{"type":"Feature","geometry":null,"properties":{"board_tot":"53080","certified_tot":"53080","mailed_tot":"53080","mailed_bldg":"45365","board_land":"7715","certified_land":"7715","year":"2006","township_code":"19","board_bldg":"45365","township_name":"Lemont","class":"204","pin":"22354050120000","mailed_land":"7715","nbhd":"19060","certified_bldg":"45365"}},{"type":"Feature","geometry":null,"properties":{"board_tot":"53080","certified_tot":"53080","mailed_tot":"53080","mailed_bldg":"45365","board_land":"7715","certified_land":"7715","year":"2007","township_code":"19","board_bldg":"45365","township_name":"Lemont","class":"204","pin":"22354050120000","mailed_land":"7715","nbhd":"19060","certified_bldg":"45365"}},{"type":"Feature","geometry":null,"properties":{"board_tot":"56335","certified_tot":"56335","mailed_tot":"56335","mailed_bldg":"46048","board_land":"10287","certified_land":"10287","year":"2008","township_code":"19","board_bldg":"46048","township_name":"Lemont","class":"204","pin":"22354050120000","mailed_land":"10287","nbhd":"19060","certified_bldg":"46048"}},{"type":"Feature","geometry":null,"properties":{"board_tot":"53518","certified_tot":"53518","mailed_tot":"53518","mailed_bldg":"47089","board_land":"6429","certified_land":"6429","year":"2009","township_code":"19","board_bldg":"47089","township_name":"Lemont","class":"204","pin":"22354050120000","mailed_land":"6429","nbhd":"19060","certified_bldg":"47089"}},{"type":"Feature","geometry":null,"properties":{"board_tot":"53518","certified_tot":"53518","mailed_tot":"53518","mailed_bldg":"47089","board_land":"6429","certified_land":"6429","year":"2010","township_code":"19","board_bldg":"47089","township_name":"Lemont","class":"204","pin":"22354050120000","mailed_land":"6429","nbhd":"19060","certified_bldg":"47089"}},{"type":"Feature","geometry":null,"properties":{"board_tot":"48908","certified_tot":"48908","mailed_tot":"48908","mailed_bldg":"42479","board_land":"6429","certified_land":"6429","year":"2011","township_code":"19","board_bldg":"42479","township_name":"Lemont","class":"204","pin":"22354050120000","mailed_land":"6429","nbhd":"19060","certified_bldg":"42479"}},{"type":"Feature","geometry":null,"properties":{"board_tot":"48908","certified_tot":"48908","mailed_tot":"48908","mailed_bldg":"42479","board_land":"6429","certified_land":"6429","year":"2012","township_code":"19","board_bldg":"42479","township_name":"Lemont","class":"204","pin":"22354050120000","mailed_land":"6429","nbhd":"19060","certified_bldg":"42479"}},{"type":"Feature","geometry":null,"properties":{"board_tot":"48908","certified_tot":"48908","mailed_tot":"48908","mailed_bldg":"42479","board_land":"6429","certified_land":"6429","year":"2013","township_code":"19","board_bldg":"42479","township_name":"Lemont","class":"204","pin":"22354050120000","mailed_land":"6429","nbhd":"19060","certified_bldg":"42479"}},{"type":"Feature","geometry":null,"properties":{"board_tot":"44959","certified_tot":"44959","mailed_tot":"44959","mailed_bldg":"38530","board_land":"6429","certified_land":"6429","year":"2014","township_code":"19","board_bldg":"38530","township_name":"Lemont","class":"204","pin":"22354050120000","mailed_land":"6429","nbhd":"19060","certified_bldg":"38530"}},{"type":"Feature","geometry":null,"properties":{"board_tot":"44959","certified_tot":"44959","mailed_tot":"44959","mailed_bldg":"38530","board_land":"6429","certified_land":"6429","year":"2015","township_code":"19","board_bldg":"38530","township_name":"Lemont","class":"204","pin":"22354050120000","mailed_land":"6429","nbhd":"19060","certified_bldg":"38530"}},{"type":"Feature","geometry":null,"properties":{"board_tot":"44959","certified_tot":"44959","mailed_tot":"44959","mailed_bldg":"38530","board_land":"6429","certified_land":"6429","year":"2016","township_code":"19","board_bldg":"38530","township_name":"Lemont","class":"204","pin":"22354050120000","mailed_land":"6429","nbhd":"19060","certified_bldg":"38530"}},{"type":"Feature","geometry":null,"properties":{"board_tot":"50572","certified_tot":"50572","mailed_tot":"50572","mailed_bldg":"42536","board_land":"8036","certified_land":"8036","year":"2017","township_code":"19","board_bldg":"42536","township_name":"Lemont","class":"204","pin":"22354050120000","mailed_land":"8036","nbhd":"19060","certified_bldg":"42536"}},{"type":"Feature","geometry":null,"properties":{"board_tot":"50572","certified_tot":"50572","mailed_tot":"50572","mailed_bldg":"42536","board_land":"8036","certified_land":"8036","year":"2018","township_code":"19","board_bldg":"42536","township_name":"Lemont","class":"204","pin":"22354050120000","mailed_land":"8036","nbhd":"19060","certified_bldg":"42536"}},{"type":"Feature","geometry":null,"properties":{"board_tot":"50572","certified_tot":"50572","mailed_tot":"50572","mailed_bldg":"42536","board_land":"8036","certified_land":"8036","year":"2019","township_code":"19","board_bldg":"42536","township_name":"Lemont","class":"204","pin":"22354050120000","mailed_land":"8036","nbhd":"19060","certified_bldg":"42536"}},{"type":"Feature","geometry":null,"properties":{"board_tot":"45578","certified_tot":"45578","mailed_tot":"49725","mailed_bldg":"41689","board_land":"8036","certified_land":"8036","year":"2020","township_code":"19","board_bldg":"37542","township_name":"Lemont","class":"204","pin":"22354050120000","mailed_land":"8036","nbhd":"19060","certified_bldg":"37542"}},{"type":"Feature","geometry":null,"properties":{"board_tot":"45580","certified_tot":"45580","mailed_tot":"45580","mailed_bldg":"37543","board_land":"8037","certified_land":"8037","year":"2021","township_code":"19","board_bldg":"37543","township_name":"Lemont","class":"204","pin":"22354050120000","mailed_land":"8037","nbhd":"19060","certified_bldg":"37543"}},{"type":"Feature","geometry":null,"properties":{"board_tot":"45580","certified_tot":"45580","mailed_tot":"45580","mailed_bldg":"37543","board_land":"8037","certified_land":"8037","year":"2022","township_code":"19","board_bldg":"37543","township_name":"Lemont","class":"204","pin":"22354050120000","mailed_land":"8037","nbhd":"19060","certified_bldg":"37543"}},{"type":"Feature","geometry":null,"properties":{"board_tot":"58000","certified_tot":"58000","mailed_tot":"58000","mailed_bldg":"37104","board_land":"20896","certified_land":"20896","year":"2023","township_code":"19","board_bldg":"37104","township_name":"Lemont","class":"204","pin":"22354050120000","mailed_land":"20896","nbhd":"19060","certified_bldg":"37104"}},{"type":"Feature","geometry":null,"properties":{"board_tot":"37996","certified_tot":"37996","mailed_tot":"37996","mailed_bldg":"30432","board_land":"7564","certified_land":"7564","year":"1999","township_code":"19","board_bldg":"30432","township_name":"Lemont","class":"208","pin":"22354050130000","mailed_land":"7564","nbhd":"19060","certified_bldg":"30432"}},{"type":"Feature","geometry":null,"properties":{"board_tot":"37996","certified_tot":"37996","mailed_tot":"37996","mailed_bldg":"30432","board_land":"7564","certified_land":"7564","year":"2000","township_code":"19","board_bldg":"30432","township_name":"Lemont","class":"208","pin":"22354050130000","mailed_land":"7564","nbhd":"19060","certified_bldg":"30432"}},{"type":"Feature","geometry":null,"properties":{"board_tot":"37996","certified_tot":"37996","mailed_tot":"37996","mailed_bldg":"30432","board_land":"7564","certified_land":"7564","year":"2001","township_code":"19","board_bldg":"30432","township_name":"Lemont","class":"208","pin":"22354050130000","mailed_land":"7564","nbhd":"19060","certified_bldg":"30432"}},{"type":"Feature","geometry":null,"properties":{"board_tot":"47877","certified_tot":"47877","mailed_tot":"47877","mailed_bldg":"40313","board_land":"7564","certified_land":"7564","year":"2002","township_code":"19","board_bldg":"40313","township_name":"Lemont","class":"208","pin":"22354050130000","mailed_land":"7564","nbhd":"19060","certified_bldg":"40313"}},{"type":"Feature","geometry":null,"properties":{"board_tot":"38531","certified_tot":"47877","mailed_tot":"47877","mailed_bldg":"40313","board_land":"7564","certified_land":"7564","year":"2003","township_code":"19","board_bldg":"30967","township_name":"Lemont","class":"208","pin":"22354050130000","mailed_land":"7564","nbhd":"19060","certified_bldg":"40313"}},{"type":"Feature","geometry":null,"properties":{"board_tot":"38531","certified_tot":"38531","mailed_tot":"38531","mailed_bldg":"30967","board_land":"7564","certified_land":"7564","year":"2004","township_code":"19","board_bldg":"30967","township_name":"Lemont","class":"208","pin":"22354050130000","mailed_land":"7564","nbhd":"19060","certified_bldg":"30967"}},{"type":"Feature","geometry":null,"properties":{"board_tot":"49925","certified_tot":"55258","mailed_tot":"55258","mailed_bldg":"47021","board_land":"8237","certified_land":"8237","year":"2005","township_code":"19","board_bldg":"41688","township_name":"Lemont","class":"208","pin":"22354050130000","mailed_land":"8237","nbhd":"19060","certified_bldg":"47021"}},{"type":"Feature","geometry":null,"properties":{"board_tot":"49925","certified_tot":"49925","mailed_tot":"49925","mailed_bldg":"41688","board_land":"8237","certified_land":"8237","year":"2006","township_code":"19","board_bldg":"41688","township_name":"Lemont","class":"208","pin":"22354050130000","mailed_land":"8237","nbhd":"19060","certified_bldg":"41688"}},{"type":"Feature","geometry":null,"properties":{"board_tot":"49925","certified_tot":"49925","mailed_tot":"49925","mailed_bldg":"41688","board_land":"8237","certified_land":"8237","year":"2007","township_code":"19","board_bldg":"41688","township_name":"Lemont","class":"208","pin":"22354050130000","mailed_land":"8237","nbhd":"19060","certified_bldg":"41688"}},{"type":"Feature","geometry":null,"properties":{"board_tot":"54640","certified_tot":"58366","mailed_tot":"66597","mailed_bldg":"55613","board_land":"10984","certified_land":"10984","year":"2008","township_code":"19","board_bldg":"43656","township_name":"Lemont","class":"208","pin":"22354050130000","mailed_land":"10984","nbhd":"19060","certified_bldg":"47382"}},{"type":"Feature","geometry":null,"properties":{"board_tot":"51908","certified_tot":"51908","mailed_tot":"51908","mailed_bldg":"45043","board_land":"6865","certified_land":"6865","year":"2009","township_code":"19","board_bldg":"45043","township_name":"Lemont","class":"208","pin":"22354050130000","mailed_land":"6865","nbhd":"19060","certified_bldg":"45043"}},{"type":"Feature","geometry":null,"properties":{"board_tot":"78000.0","certified_tot":"78000.0","mailed_tot":"78000.0","mailed_bldg":"55600.0","board_land":"22400.0","certified_land":"22400.0","year":"2024","township_code":"23","board_bldg":"55600.0","township_name":"New Trier","class":"204","pin":"05284140010000","mailed_land":"22400.0","nbhd":"23092","certified_bldg":"55600.0"}},{"type":"Feature","geometry":null,"properties":{"board_tot":"51298.0","certified_tot":"51298.0","mailed_tot":"51298.0","mailed_bldg":"40098.0","board_land":"11200.0","certified_land":"11200.0","year":"2024","township_code":"23","board_bldg":"40098.0","township_name":"New Trier","class":"278","pin":"05284180060000","mailed_land":"11200.0","nbhd":"23092","certified_bldg":"40098.0"}},{"type":"Feature","geometry":null,"properties":{"board_tot":"130257.0","certified_tot":"130257.0","mailed_tot":"130257.0","mailed_bldg":"104177.0","board_land":"26080.0","certified_land":"26080.0","year":"2024","township_code":"23","board_bldg":"104177.0","township_name":"New Trier","class":"278","pin":"05284220140000","mailed_land":"26080.0","nbhd":"23092","certified_bldg":"104177.0"}},{"type":"Feature","geometry":null,"properties":{"board_tot":"47474","certified_tot":"51908","mailed_tot":"51908","mailed_bldg":"45043","board_land":"6865","certified_land":"6865","year":"2010","township_code":"19","board_bldg":"40609","township_name":"Lemont","class":"208","pin":"22354050130000","mailed_land":"6865","nbhd":"19060","certified_bldg":"45043"}},{"type":"Feature","geometry":null,"properties":{"board_tot":"48424","certified_tot":"54056","mailed_tot":"58253","mailed_bldg":"51388","board_land":"6865","certified_land":"6865","year":"2011","township_code":"19","board_bldg":"41559","township_name":"Lemont","class":"208","pin":"22354050130000","mailed_land":"6865","nbhd":"19060","certified_bldg":"47191"}},{"type":"Feature","geometry":null,"properties":{"board_tot":"46564","certified_tot":"48424","mailed_tot":"48424","mailed_bldg":"41559","board_land":"6865","certified_land":"6865","year":"2012","township_code":"19","board_bldg":"39699","township_name":"Lemont","class":"208","pin":"22354050130000","mailed_land":"6865","nbhd":"19060","certified_bldg":"41559"}},{"type":"Feature","geometry":null,"properties":{"board_tot":"46564","certified_tot":"46564","mailed_tot":"46564","mailed_bldg":"39699","board_land":"6865","certified_land":"6865","year":"2013","township_code":"19","board_bldg":"39699","township_name":"Lemont","class":"208","pin":"22354050130000","mailed_land":"6865","nbhd":"19060","certified_bldg":"39699"}},{"type":"Feature","geometry":null,"properties":{"board_tot":"49599","certified_tot":"49599","mailed_tot":"51596","mailed_bldg":"44731","board_land":"6865","certified_land":"6865","year":"2014","township_code":"19","board_bldg":"42734","township_name":"Lemont","class":"208","pin":"22354050130000","mailed_land":"6865","nbhd":"19060","certified_bldg":"42734"}},{"type":"Feature","geometry":null,"properties":{"board_tot":"44014","certified_tot":"44014","mailed_tot":"49599","mailed_bldg":"42734","board_land":"6865","certified_land":"6865","year":"2015","township_code":"19","board_bldg":"37149","township_name":"Lemont","class":"208","pin":"22354050130000","mailed_land":"6865","nbhd":"19060","certified_bldg":"37149"}},{"type":"Feature","geometry":null,"properties":{"board_tot":"41497","certified_tot":"41497","mailed_tot":"44014","mailed_bldg":"37149","board_land":"6865","certified_land":"6865","year":"2016","township_code":"19","board_bldg":"34632","township_name":"Lemont","class":"208","pin":"22354050130000","mailed_land":"6865","nbhd":"19060","certified_bldg":"34632"}},{"type":"Feature","geometry":null,"properties":{"board_tot":"50219","certified_tot":"54141","mailed_tot":"60872","mailed_bldg":"52291","board_land":"8581","certified_land":"8581","year":"2017","township_code":"19","board_bldg":"41638","township_name":"Lemont","class":"208","pin":"22354050130000","mailed_land":"8581","nbhd":"19060","certified_bldg":"45560"}},{"type":"Feature","geometry":null,"properties":{"board_tot":"44757","certified_tot":"50219","mailed_tot":"50219","mailed_bldg":"41638","board_land":"8581","certified_land":"8581","year":"2018","township_code":"19","board_bldg":"36176","township_name":"Lemont","class":"208","pin":"22354050130000","mailed_land":"8581","nbhd":"19060","certified_bldg":"41638"}},{"type":"Feature","geometry":null,"properties":{"board_tot":"44757","certified_tot":"44757","mailed_tot":"44757","mailed_bldg":"36176","board_land":"8581","certified_land":"8581","year":"2019","township_code":"19","board_bldg":"36176","township_name":"Lemont","class":"208","pin":"22354050130000","mailed_land":"8581","nbhd":"19060","certified_bldg":"36176"}},{"type":"Feature","geometry":null,"properties":{"board_tot":"45857","certified_tot":"45857","mailed_tot":"54742","mailed_bldg":"46161","board_land":"8581","certified_land":"8581","year":"2020","township_code":"19","board_bldg":"37276","township_name":"Lemont","class":"208","pin":"22354050130000","mailed_land":"8581","nbhd":"19060","certified_bldg":"37276"}},{"type":"Feature","geometry":null,"properties":{"board_tot":"45858","certified_tot":"45858","mailed_tot":"45858","mailed_bldg":"37277","board_land":"8581","certified_land":"8581","year":"2021","township_code":"19","board_bldg":"37277","township_name":"Lemont","class":"208","pin":"22354050130000","mailed_land":"8581","nbhd":"19060","certified_bldg":"37277"}},{"type":"Feature","geometry":null,"properties":{"board_tot":"45858","certified_tot":"45858","mailed_tot":"45858","mailed_bldg":"37277","board_land":"8581","certified_land":"8581","year":"2022","township_code":"19","board_bldg":"37277","township_name":"Lemont","class":"208","pin":"22354050130000","mailed_land":"8581","nbhd":"19060","certified_bldg":"37277"}},{"type":"Feature","geometry":null,"properties":{"board_tot":"64000","certified_tot":"64000","mailed_tot":"64000","mailed_bldg":"41689","board_land":"22311","certified_land":"22311","year":"2023","township_code":"19","board_bldg":"41689","township_name":"Lemont","class":"208","pin":"22354050130000","mailed_land":"22311","nbhd":"19060","certified_bldg":"41689"}},{"type":"Feature","geometry":null,"properties":{"board_tot":"213775.0","certified_tot":"213775.0","mailed_tot":"213775.0","mailed_bldg":"156987.0","board_land":"56788.0","certified_land":"56788.0","year":"2024","township_code":"23","board_bldg":"156987.0","township_name":"New Trier","class":"209","pin":"05291020160000","mailed_land":"56788.0","nbhd":"23080","certified_bldg":"156987.0"}},{"type":"Feature","geometry":null,"properties":{"board_tot":"38989","certified_tot":"38989","mailed_tot":"38989","mailed_bldg":"31578","board_land":"7411","certified_land":"7411","year":"1999","township_code":"19","board_bldg":"31578","township_name":"Lemont","class":"208","pin":"22354050140000","mailed_land":"7411","nbhd":"19060","certified_bldg":"31578"}},{"type":"Feature","geometry":null,"properties":{"board_tot":"38989","certified_tot":"38989","mailed_tot":"38989","mailed_bldg":"31578","board_land":"7411","certified_land":"7411","year":"2000","township_code":"19","board_bldg":"31578","township_name":"Lemont","class":"208","pin":"22354050140000","mailed_land":"7411","nbhd":"19060","certified_bldg":"31578"}},{"type":"Feature","geometry":null,"properties":{"board_tot":"38989","certified_tot":"38989","mailed_tot":"38989","mailed_bldg":"31578","board_land":"7411","certified_land":"7411","year":"2001","township_code":"19","board_bldg":"31578","township_name":"Lemont","class":"208","pin":"22354050140000","mailed_land":"7411","nbhd":"19060","certified_bldg":"31578"}},{"type":"Feature","geometry":null,"properties":{"board_tot":"49206","certified_tot":"49206","mailed_tot":"49206","mailed_bldg":"41795","board_land":"7411","certified_land":"7411","year":"2002","township_code":"19","board_bldg":"41795","township_name":"Lemont","class":"208","pin":"22354050140000","mailed_land":"7411","nbhd":"19060","certified_bldg":"41795"}},{"type":"Feature","geometry":null,"properties":{"board_tot":"49206","certified_tot":"49206","mailed_tot":"49206","mailed_bldg":"41795","board_land":"7411","certified_land":"7411","year":"2003","township_code":"19","board_bldg":"41795","township_name":"Lemont","class":"208","pin":"22354050140000","mailed_land":"7411","nbhd":"19060","certified_bldg":"41795"}},{"type":"Feature","geometry":null,"properties":{"board_tot":"49206","certified_tot":"49206","mailed_tot":"49206","mailed_bldg":"41795","board_land":"7411","certified_land":"7411","year":"2004","township_code":"19","board_bldg":"41795","township_name":"Lemont","class":"208","pin":"22354050140000","mailed_land":"7411","nbhd":"19060","certified_bldg":"41795"}},{"type":"Feature","geometry":null,"properties":{"board_tot":"53677","certified_tot":"53677","mailed_tot":"53677","mailed_bldg":"45607","board_land":"8070","certified_land":"8070","year":"2005","township_code":"19","board_bldg":"45607","township_name":"Lemont","class":"208","pin":"22354050140000","mailed_land":"8070","nbhd":"19060","certified_bldg":"45607"}},{"type":"Feature","geometry":null,"properties":{"board_tot":"53677","certified_tot":"53677","mailed_tot":"53677","mailed_bldg":"45607","board_land":"8070","certified_land":"8070","year":"2006","township_code":"19","board_bldg":"45607","township_name":"Lemont","class":"208","pin":"22354050140000","mailed_land":"8070","nbhd":"19060","certified_bldg":"45607"}},{"type":"Feature","geometry":null,"properties":{"board_tot":"53677","certified_tot":"53677","mailed_tot":"53677","mailed_bldg":"45607","board_land":"8070","certified_land":"8070","year":"2007","township_code":"19","board_bldg":"45607","township_name":"Lemont","class":"208","pin":"22354050140000","mailed_land":"8070","nbhd":"19060","certified_bldg":"45607"}},{"type":"Feature","geometry":null,"properties":{"board_tot":"60997","certified_tot":"60997","mailed_tot":"64842","mailed_bldg":"54082","board_land":"10760","certified_land":"10760","year":"2008","township_code":"19","board_bldg":"50237","township_name":"Lemont","class":"208","pin":"22354050140000","mailed_land":"10760","nbhd":"19060","certified_bldg":"50237"}},{"type":"Feature","geometry":null,"properties":{"board_tot":"57947","certified_tot":"57947","mailed_tot":"57947","mailed_bldg":"51222","board_land":"6725","certified_land":"6725","year":"2009","township_code":"19","board_bldg":"51222","township_name":"Lemont","class":"208","pin":"22354050140000","mailed_land":"6725","nbhd":"19060","certified_bldg":"51222"}},{"type":"Feature","geometry":null,"properties":{"board_tot":"57947","certified_tot":"57947","mailed_tot":"57947","mailed_bldg":"51222","board_land":"6725","certified_land":"6725","year":"2010","township_code":"19","board_bldg":"51222","township_name":"Lemont","class":"208","pin":"22354050140000","mailed_land":"6725","nbhd":"19060","certified_bldg":"51222"}},{"type":"Feature","geometry":null,"properties":{"board_tot":"48327","certified_tot":"56275","mailed_tot":"56275","mailed_bldg":"49550","board_land":"6725","certified_land":"6725","year":"2011","township_code":"19","board_bldg":"41602","township_name":"Lemont","class":"208","pin":"22354050140000","mailed_land":"6725","nbhd":"19060","certified_bldg":"49550"}},{"type":"Feature","geometry":null,"properties":{"board_tot":"48327","certified_tot":"48327","mailed_tot":"48327","mailed_bldg":"41602","board_land":"6725","certified_land":"6725","year":"2012","township_code":"19","board_bldg":"41602","township_name":"Lemont","class":"208","pin":"22354050140000","mailed_land":"6725","nbhd":"19060","certified_bldg":"41602"}},{"type":"Feature","geometry":null,"properties":{"board_tot":"48327","certified_tot":"48327","mailed_tot":"48327","mailed_bldg":"41602","board_land":"6725","certified_land":"6725","year":"2013","township_code":"19","board_bldg":"41602","township_name":"Lemont","class":"208","pin":"22354050140000","mailed_land":"6725","nbhd":"19060","certified_bldg":"41602"}},{"type":"Feature","geometry":null,"properties":{"board_tot":"45417","certified_tot":"50200","mailed_tot":"51598","mailed_bldg":"44873","board_land":"6725","certified_land":"6725","year":"2014","township_code":"19","board_bldg":"38692","township_name":"Lemont","class":"208","pin":"22354050140000","mailed_land":"6725","nbhd":"19060","certified_bldg":"43475"}},{"type":"Feature","geometry":null,"properties":{"board_tot":"43090","certified_tot":"45417","mailed_tot":"45417","mailed_bldg":"38692","board_land":"6725","certified_land":"6725","year":"2015","township_code":"19","board_bldg":"36365","township_name":"Lemont","class":"208","pin":"22354050140000","mailed_land":"6725","nbhd":"19060","certified_bldg":"38692"}},{"type":"Feature","geometry":null,"properties":{"board_tot":"41220","certified_tot":"43090","mailed_tot":"43090","mailed_bldg":"36365","board_land":"6725","certified_land":"6725","year":"2016","township_code":"19","board_bldg":"34495","township_name":"Lemont","class":"208","pin":"22354050140000","mailed_land":"6725","nbhd":"19060","certified_bldg":"36365"}},{"type":"Feature","geometry":null,"properties":{"board_tot":"53275","certified_tot":"53275","mailed_tot":"56245","mailed_bldg":"47838","board_land":"8407","certified_land":"8407","year":"2017","township_code":"19","board_bldg":"44868","township_name":"Lemont","class":"208","pin":"22354050140000","mailed_land":"8407","nbhd":"19060","certified_bldg":"44868"}},{"type":"Feature","geometry":null,"properties":{"board_tot":"48695","certified_tot":"48695","mailed_tot":"53275","mailed_bldg":"44868","board_land":"8407","certified_land":"8407","year":"2018","township_code":"19","board_bldg":"40288","township_name":"Lemont","class":"208","pin":"22354050140000","mailed_land":"8407","nbhd":"19060","certified_bldg":"40288"}},{"type":"Feature","geometry":null,"properties":{"board_tot":"46850","certified_tot":"46850","mailed_tot":"48695","mailed_bldg":"40288","board_land":"8407","certified_land":"8407","year":"2019","township_code":"19","board_bldg":"38443","township_name":"Lemont","class":"208","pin":"22354050140000","mailed_land":"8407","nbhd":"19060","certified_bldg":"38443"}},{"type":"Feature","geometry":null,"properties":{"board_tot":"47548","certified_tot":"47548","mailed_tot":"54550","mailed_bldg":"46143","board_land":"8407","certified_land":"8407","year":"2020","township_code":"19","board_bldg":"39141","township_name":"Lemont","class":"208","pin":"22354050140000","mailed_land":"8407","nbhd":"19060","certified_bldg":"39141"}},{"type":"Feature","geometry":null,"properties":{"board_tot":"43401","certified_tot":"47548","mailed_tot":"47548","mailed_bldg":"39141","board_land":"8407","certified_land":"8407","year":"2021","township_code":"19","board_bldg":"34994","township_name":"Lemont","class":"208","pin":"22354050140000","mailed_land":"8407","nbhd":"19060","certified_bldg":"39141"}},{"type":"Feature","geometry":null,"properties":{"board_tot":"43401","certified_tot":"43401","mailed_tot":"43401","mailed_bldg":"34994","board_land":"8407","certified_land":"8407","year":"2022","township_code":"19","board_bldg":"34994","township_name":"Lemont","class":"208","pin":"22354050140000","mailed_land":"8407","nbhd":"19060","certified_bldg":"34994"}},{"type":"Feature","geometry":null,"properties":{"board_tot":"64000","certified_tot":"64000","mailed_tot":"64000","mailed_bldg":"42142","board_land":"21858","certified_land":"21858","year":"2023","township_code":"19","board_bldg":"42142","township_name":"Lemont","class":"208","pin":"22354050140000","mailed_land":"21858","nbhd":"19060","certified_bldg":"42142"}},{"type":"Feature","geometry":null,"properties":{"board_tot":"35563","certified_tot":"35563","mailed_tot":"35563","mailed_bldg":"28949","board_land":"6614","certified_land":"6614","year":"1999","township_code":"19","board_bldg":"28949","township_name":"Lemont","class":"278","pin":"22354060010000","mailed_land":"6614","nbhd":"19060","certified_bldg":"28949"}},{"type":"Feature","geometry":null,"properties":{"board_tot":"35563","certified_tot":"35563","mailed_tot":"35563","mailed_bldg":"28949","board_land":"6614","certified_land":"6614","year":"2000","township_code":"19","board_bldg":"28949","township_name":"Lemont","class":"278","pin":"22354060010000","mailed_land":"6614","nbhd":"19060","certified_bldg":"28949"}},{"type":"Feature","geometry":null,"properties":{"board_tot":"223286.0","certified_tot":"223286.0","mailed_tot":"223286.0","mailed_bldg":"151880.0","board_land":"71406.0","certified_land":"71406.0","year":"2024","township_code":"23","board_bldg":"151880.0","township_name":"New Trier","class":"209","pin":"05291020430000","mailed_land":"71406.0","nbhd":"23080","certified_bldg":"151880.0"}},{"type":"Feature","geometry":null,"properties":{"board_tot":"35563","certified_tot":"35563","mailed_tot":"35563","mailed_bldg":"28949","board_land":"6614","certified_land":"6614","year":"2001","township_code":"19","board_bldg":"28949","township_name":"Lemont","class":"278","pin":"22354060010000","mailed_land":"6614","nbhd":"19060","certified_bldg":"28949"}},{"type":"Feature","geometry":null,"properties":{"board_tot":"44601","certified_tot":"44601","mailed_tot":"44601","mailed_bldg":"37987","board_land":"6614","certified_land":"6614","year":"2002","township_code":"19","board_bldg":"37987","township_name":"Lemont","class":"278","pin":"22354060010000","mailed_land":"6614","nbhd":"19060","certified_bldg":"37987"}},{"type":"Feature","geometry":null,"properties":{"board_tot":"44601","certified_tot":"44601","mailed_tot":"44601","mailed_bldg":"37987","board_land":"6614","certified_land":"6614","year":"2003","township_code":"19","board_bldg":"37987","township_name":"Lemont","class":"278","pin":"22354060010000","mailed_land":"6614","nbhd":"19060","certified_bldg":"37987"}},{"type":"Feature","geometry":null,"properties":{"board_tot":"44601","certified_tot":"44601","mailed_tot":"44601","mailed_bldg":"37987","board_land":"6614","certified_land":"6614","year":"2004","township_code":"19","board_bldg":"37987","township_name":"Lemont","class":"278","pin":"22354060010000","mailed_land":"6614","nbhd":"19060","certified_bldg":"37987"}},{"type":"Feature","geometry":null,"properties":{"board_tot":"33329","certified_tot":"36176","mailed_tot":"36176","mailed_bldg":"29620","board_land":"6556","certified_land":"6556","year":"1999","township_code":"19","board_bldg":"26773","township_name":"Lemont","class":"278","pin":"22354060020000","mailed_land":"6556","nbhd":"19060","certified_bldg":"29620"}},{"type":"Feature","geometry":null,"properties":{"board_tot":"33329","certified_tot":"33329","mailed_tot":"33329","mailed_bldg":"26773","board_land":"6556","certified_land":"6556","year":"2000","township_code":"19","board_bldg":"26773","township_name":"Lemont","class":"278","pin":"22354060020000","mailed_land":"6556","nbhd":"19060","certified_bldg":"26773"}},{"type":"Feature","geometry":null,"properties":{"board_tot":"33329","certified_tot":"33329","mailed_tot":"33329","mailed_bldg":"26773","board_land":"6556","certified_land":"6556","year":"2001","township_code":"19","board_bldg":"26773","township_name":"Lemont","class":"278","pin":"22354060020000","mailed_land":"6556","nbhd":"19060","certified_bldg":"26773"}},{"type":"Feature","geometry":null,"properties":{"board_tot":"40376","certified_tot":"43465","mailed_tot":"44963","mailed_bldg":"38407","board_land":"6556","certified_land":"6556","year":"2002","township_code":"19","board_bldg":"33820","township_name":"Lemont","class":"278","pin":"22354060020000","mailed_land":"6556","nbhd":"19060","certified_bldg":"36909"}},{"type":"Feature","geometry":null,"properties":{"board_tot":"40376","certified_tot":"40376","mailed_tot":"40376","mailed_bldg":"33820","board_land":"6556","certified_land":"6556","year":"2003","township_code":"19","board_bldg":"33820","township_name":"Lemont","class":"278","pin":"22354060020000","mailed_land":"6556","nbhd":"19060","certified_bldg":"33820"}},{"type":"Feature","geometry":null,"properties":{"board_tot":"40376","certified_tot":"40376","mailed_tot":"40376","mailed_bldg":"33820","board_land":"6556","certified_land":"6556","year":"2004","township_code":"19","board_bldg":"33820","township_name":"Lemont","class":"278","pin":"22354060020000","mailed_land":"6556","nbhd":"19060","certified_bldg":"33820"}},{"type":"Feature","geometry":null,"properties":{"board_tot":"31085","certified_tot":"31085","mailed_tot":"31085","mailed_bldg":"24529","board_land":"6556","certified_land":"6556","year":"1999","township_code":"19","board_bldg":"24529","township_name":"Lemont","class":"204","pin":"22354060030000","mailed_land":"6556","nbhd":"19060","certified_bldg":"24529"}},{"type":"Feature","geometry":null,"properties":{"board_tot":"31085","certified_tot":"31085","mailed_tot":"31085","mailed_bldg":"24529","board_land":"6556","certified_land":"6556","year":"2000","township_code":"19","board_bldg":"24529","township_name":"Lemont","class":"204","pin":"22354060030000","mailed_land":"6556","nbhd":"19060","certified_bldg":"24529"}},{"type":"Feature","geometry":null,"properties":{"board_tot":"31085","certified_tot":"31085","mailed_tot":"31085","mailed_bldg":"24529","board_land":"6556","certified_land":"6556","year":"2001","township_code":"19","board_bldg":"24529","township_name":"Lemont","class":"204","pin":"22354060030000","mailed_land":"6556","nbhd":"19060","certified_bldg":"24529"}},{"type":"Feature","geometry":null,"properties":{"board_tot":"39628","certified_tot":"39628","mailed_tot":"39628","mailed_bldg":"33072","board_land":"6556","certified_land":"6556","year":"2002","township_code":"19","board_bldg":"33072","township_name":"Lemont","class":"204","pin":"22354060030000","mailed_land":"6556","nbhd":"19060","certified_bldg":"33072"}},{"type":"Feature","geometry":null,"properties":{"board_tot":"39628","certified_tot":"39628","mailed_tot":"39628","mailed_bldg":"33072","board_land":"6556","certified_land":"6556","year":"2003","township_code":"19","board_bldg":"33072","township_name":"Lemont","class":"204","pin":"22354060030000","mailed_land":"6556","nbhd":"19060","certified_bldg":"33072"}},{"type":"Feature","geometry":null,"properties":{"board_tot":"39628","certified_tot":"39628","mailed_tot":"39628","mailed_bldg":"33072","board_land":"6556","certified_land":"6556","year":"2004","township_code":"19","board_bldg":"33072","township_name":"Lemont","class":"204","pin":"22354060030000","mailed_land":"6556","nbhd":"19060","certified_bldg":"33072"}},{"type":"Feature","geometry":null,"properties":{"board_tot":"51962","certified_tot":"51962","mailed_tot":"51962","mailed_bldg":"44822","board_land":"7140","certified_land":"7140","year":"2005","township_code":"19","board_bldg":"44822","township_name":"Lemont","class":"204","pin":"22354060030000","mailed_land":"7140","nbhd":"19060","certified_bldg":"44822"}},{"type":"Feature","geometry":null,"properties":{"board_tot":"51962","certified_tot":"51962","mailed_tot":"51962","mailed_bldg":"44822","board_land":"7140","certified_land":"7140","year":"2006","township_code":"19","board_bldg":"44822","township_name":"Lemont","class":"204","pin":"22354060030000","mailed_land":"7140","nbhd":"19060","certified_bldg":"44822"}},{"type":"Feature","geometry":null,"properties":{"board_tot":"51962","certified_tot":"51962","mailed_tot":"51962","mailed_bldg":"44822","board_land":"7140","certified_land":"7140","year":"2007","township_code":"19","board_bldg":"44822","township_name":"Lemont","class":"204","pin":"22354060030000","mailed_land":"7140","nbhd":"19060","certified_bldg":"44822"}},{"type":"Feature","geometry":null,"properties":{"board_tot":"53247","certified_tot":"53247","mailed_tot":"53247","mailed_bldg":"30637","board_land":"22610","certified_land":"22610","year":"2008","township_code":"19","board_bldg":"30637","township_name":"Lemont","class":"204","pin":"22354060030000","mailed_land":"22610","nbhd":"19060","certified_bldg":"30637"}},{"type":"Feature","geometry":null,"properties":{"board_tot":"50584","certified_tot":"50584","mailed_tot":"50584","mailed_bldg":"36453","board_land":"14131","certified_land":"14131","year":"2009","township_code":"19","board_bldg":"36453","township_name":"Lemont","class":"204","pin":"22354060030000","mailed_land":"14131","nbhd":"19060","certified_bldg":"36453"}},{"type":"Feature","geometry":null,"properties":{"board_tot":"50584","certified_tot":"50584","mailed_tot":"50584","mailed_bldg":"36453","board_land":"14131","certified_land":"14131","year":"2010","township_code":"19","board_bldg":"36453","township_name":"Lemont","class":"204","pin":"22354060030000","mailed_land":"14131","nbhd":"19060","certified_bldg":"36453"}},{"type":"Feature","geometry":null,"properties":{"board_tot":"44983","certified_tot":"44983","mailed_tot":"44983","mailed_bldg":"30852","board_land":"14131","certified_land":"14131","year":"2011","township_code":"19","board_bldg":"30852","township_name":"Lemont","class":"204","pin":"22354060030000","mailed_land":"14131","nbhd":"19060","certified_bldg":"30852"}},{"type":"Feature","geometry":null,"properties":{"board_tot":"44983","certified_tot":"44983","mailed_tot":"44983","mailed_bldg":"30852","board_land":"14131","certified_land":"14131","year":"2012","township_code":"19","board_bldg":"30852","township_name":"Lemont","class":"204","pin":"22354060030000","mailed_land":"14131","nbhd":"19060","certified_bldg":"30852"}},{"type":"Feature","geometry":null,"properties":{"board_tot":"44983","certified_tot":"44983","mailed_tot":"44983","mailed_bldg":"30852","board_land":"14131","certified_land":"14131","year":"2013","township_code":"19","board_bldg":"30852","township_name":"Lemont","class":"204","pin":"22354060030000","mailed_land":"14131","nbhd":"19060","certified_bldg":"30852"}},{"type":"Feature","geometry":null,"properties":{"board_tot":"41552","certified_tot":"41552","mailed_tot":"41552","mailed_bldg":"27421","board_land":"14131","certified_land":"14131","year":"2014","township_code":"19","board_bldg":"27421","township_name":"Lemont","class":"204","pin":"22354060030000","mailed_land":"14131","nbhd":"19060","certified_bldg":"27421"}},{"type":"Feature","geometry":null,"properties":{"board_tot":"41552","certified_tot":"41552","mailed_tot":"41552","mailed_bldg":"27421","board_land":"14131","certified_land":"14131","year":"2015","township_code":"19","board_bldg":"27421","township_name":"Lemont","class":"204","pin":"22354060030000","mailed_land":"14131","nbhd":"19060","certified_bldg":"27421"}},{"type":"Feature","geometry":null,"properties":{"board_tot":"41552","certified_tot":"41552","mailed_tot":"41552","mailed_bldg":"27421","board_land":"14131","certified_land":"14131","year":"2016","township_code":"19","board_bldg":"27421","township_name":"Lemont","class":"204","pin":"22354060030000","mailed_land":"14131","nbhd":"19060","certified_bldg":"27421"}},{"type":"Feature","geometry":null,"properties":{"board_tot":"47115","certified_tot":"47115","mailed_tot":"49357","mailed_bldg":"32251","board_land":"17106","certified_land":"17106","year":"2017","township_code":"19","board_bldg":"30009","township_name":"Lemont","class":"204","pin":"22354060030000","mailed_land":"17106","nbhd":"19060","certified_bldg":"30009"}},{"type":"Feature","geometry":null,"properties":{"board_tot":"47115","certified_tot":"47115","mailed_tot":"47115","mailed_bldg":"30009","board_land":"17106","certified_land":"17106","year":"2018","township_code":"19","board_bldg":"30009","township_name":"Lemont","class":"204","pin":"22354060030000","mailed_land":"17106","nbhd":"19060","certified_bldg":"30009"}},{"type":"Feature","geometry":null,"properties":{"board_tot":"47115","certified_tot":"47115","mailed_tot":"47115","mailed_bldg":"30009","board_land":"17106","certified_land":"17106","year":"2019","township_code":"19","board_bldg":"30009","township_name":"Lemont","class":"204","pin":"22354060030000","mailed_land":"17106","nbhd":"19060","certified_bldg":"30009"}},{"type":"Feature","geometry":null,"properties":{"board_tot":"46546","certified_tot":"46546","mailed_tot":"46546","mailed_bldg":"29440","board_land":"17106","certified_land":"17106","year":"2020","township_code":"19","board_bldg":"29440","township_name":"Lemont","class":"204","pin":"22354060030000","mailed_land":"17106","nbhd":"19060","certified_bldg":"29440"}},{"type":"Feature","geometry":null,"properties":{"board_tot":"46548","certified_tot":"46548","mailed_tot":"46548","mailed_bldg":"29441","board_land":"17107","certified_land":"17107","year":"2021","township_code":"19","board_bldg":"29441","township_name":"Lemont","class":"204","pin":"22354060030000","mailed_land":"17107","nbhd":"19060","certified_bldg":"29441"}},{"type":"Feature","geometry":null,"properties":{"board_tot":"46548","certified_tot":"46548","mailed_tot":"46548","mailed_bldg":"29441","board_land":"17107","certified_land":"17107","year":"2022","township_code":"19","board_bldg":"29441","township_name":"Lemont","class":"204","pin":"22354060030000","mailed_land":"17107","nbhd":"19060","certified_bldg":"29441"}},{"type":"Feature","geometry":null,"properties":{"board_tot":"52000","certified_tot":"52000","mailed_tot":"52000","mailed_bldg":"32662","board_land":"19338","certified_land":"19338","year":"2023","township_code":"19","board_bldg":"32662","township_name":"Lemont","class":"204","pin":"22354060030000","mailed_land":"19338","nbhd":"19060","certified_bldg":"32662"}},{"type":"Feature","geometry":null,"properties":{"board_tot":"33098","certified_tot":"33098","mailed_tot":"33098","mailed_bldg":"25370","board_land":"7728","certified_land":"7728","year":"1999","township_code":"19","board_bldg":"25370","township_name":"Lemont","class":"204","pin":"22354060040000","mailed_land":"7728","nbhd":"19060","certified_bldg":"25370"}},{"type":"Feature","geometry":null,"properties":{"board_tot":"33098","certified_tot":"33098","mailed_tot":"33098","mailed_bldg":"25370","board_land":"7728","certified_land":"7728","year":"2000","township_code":"19","board_bldg":"25370","township_name":"Lemont","class":"204","pin":"22354060040000","mailed_land":"7728","nbhd":"19060","certified_bldg":"25370"}},{"type":"Feature","geometry":null,"properties":{"board_tot":"33098","certified_tot":"33098","mailed_tot":"33098","mailed_bldg":"25370","board_land":"7728","certified_land":"7728","year":"2001","township_code":"19","board_bldg":"25370","township_name":"Lemont","class":"204","pin":"22354060040000","mailed_land":"7728","nbhd":"19060","certified_bldg":"25370"}},{"type":"Feature","geometry":null,"properties":{"board_tot":"42612","certified_tot":"42612","mailed_tot":"42612","mailed_bldg":"34884","board_land":"7728","certified_land":"7728","year":"2002","township_code":"19","board_bldg":"34884","township_name":"Lemont","class":"204","pin":"22354060040000","mailed_land":"7728","nbhd":"19060","certified_bldg":"34884"}},{"type":"Feature","geometry":null,"properties":{"board_tot":"42612","certified_tot":"42612","mailed_tot":"42612","mailed_bldg":"34884","board_land":"7728","certified_land":"7728","year":"2003","township_code":"19","board_bldg":"34884","township_name":"Lemont","class":"204","pin":"22354060040000","mailed_land":"7728","nbhd":"19060","certified_bldg":"34884"}},{"type":"Feature","geometry":null,"properties":{"board_tot":"42612","certified_tot":"42612","mailed_tot":"42612","mailed_bldg":"34884","board_land":"7728","certified_land":"7728","year":"2004","township_code":"19","board_bldg":"34884","township_name":"Lemont","class":"204","pin":"22354060040000","mailed_land":"7728","nbhd":"19060","certified_bldg":"34884"}},{"type":"Feature","geometry":null,"properties":{"board_tot":"53192","certified_tot":"53192","mailed_tot":"55637","mailed_bldg":"47222","board_land":"8415","certified_land":"8415","year":"2005","township_code":"19","board_bldg":"44777","township_name":"Lemont","class":"204","pin":"22354060040000","mailed_land":"8415","nbhd":"19060","certified_bldg":"44777"}},{"type":"Feature","geometry":null,"properties":{"board_tot":"200002.0","certified_tot":"200002.0","mailed_tot":"200002.0","mailed_bldg":"105538.0","board_land":"94464.0","certified_land":"94464.0","year":"2024","township_code":"23","board_bldg":"105538.0","township_name":"New Trier","class":"209","pin":"05292020080000","mailed_land":"94464.0","nbhd":"23080","certified_bldg":"105538.0"}},{"type":"Feature","geometry":null,"properties":{"board_tot":"53192","certified_tot":"53192","mailed_tot":"53192","mailed_bldg":"44777","board_land":"8415","certified_land":"8415","year":"2006","township_code":"19","board_bldg":"44777","township_name":"Lemont","class":"204","pin":"22354060040000","mailed_land":"8415","nbhd":"19060","certified_bldg":"44777"}},{"type":"Feature","geometry":null,"properties":{"board_tot":"53192","certified_tot":"53192","mailed_tot":"53192","mailed_bldg":"44777","board_land":"8415","certified_land":"8415","year":"2007","township_code":"19","board_bldg":"44777","township_name":"Lemont","class":"204","pin":"22354060040000","mailed_land":"8415","nbhd":"19060","certified_bldg":"44777"}},{"type":"Feature","geometry":null,"properties":{"board_tot":"56078","certified_tot":"56078","mailed_tot":"56078","mailed_bldg":"44858","board_land":"11220","certified_land":"11220","year":"2008","township_code":"19","board_bldg":"44858","township_name":"Lemont","class":"204","pin":"22354060040000","mailed_land":"11220","nbhd":"19060","certified_bldg":"44858"}},{"type":"Feature","geometry":null,"properties":{"board_tot":"53275","certified_tot":"53275","mailed_tot":"53275","mailed_bldg":"46262","board_land":"7013","certified_land":"7013","year":"2009","township_code":"19","board_bldg":"46262","township_name":"Lemont","class":"204","pin":"22354060040000","mailed_land":"7013","nbhd":"19060","certified_bldg":"46262"}},{"type":"Feature","geometry":null,"properties":{"board_tot":"53275","certified_tot":"53275","mailed_tot":"53275","mailed_bldg":"46262","board_land":"7013","certified_land":"7013","year":"2010","township_code":"19","board_bldg":"46262","township_name":"Lemont","class":"204","pin":"22354060040000","mailed_land":"7013","nbhd":"19060","certified_bldg":"46262"}},{"type":"Feature","geometry":null,"properties":{"board_tot":"40705","certified_tot":"45783","mailed_tot":"47585","mailed_bldg":"40572","board_land":"7013","certified_land":"7013","year":"2011","township_code":"19","board_bldg":"33692","township_name":"Lemont","class":"204","pin":"22354060040000","mailed_land":"7013","nbhd":"19060","certified_bldg":"38770"}},{"type":"Feature","geometry":null,"properties":{"board_tot":"40705","certified_tot":"40705","mailed_tot":"40705","mailed_bldg":"33692","board_land":"7013","certified_land":"7013","year":"2012","township_code":"19","board_bldg":"33692","township_name":"Lemont","class":"204","pin":"22354060040000","mailed_land":"7013","nbhd":"19060","certified_bldg":"33692"}},{"type":"Feature","geometry":null,"properties":{"board_tot":"40705","certified_tot":"40705","mailed_tot":"40705","mailed_bldg":"33692","board_land":"7013","certified_land":"7013","year":"2013","township_code":"19","board_bldg":"33692","township_name":"Lemont","class":"204","pin":"22354060040000","mailed_land":"7013","nbhd":"19060","certified_bldg":"33692"}},{"type":"Feature","geometry":null,"properties":{"board_tot":"35154","certified_tot":"35154","mailed_tot":"43714","mailed_bldg":"36701","board_land":"7013","certified_land":"7013","year":"2014","township_code":"19","board_bldg":"28141","township_name":"Lemont","class":"204","pin":"22354060040000","mailed_land":"7013","nbhd":"19060","certified_bldg":"28141"}},{"type":"Feature","geometry":null,"properties":{"board_tot":"35154","certified_tot":"35154","mailed_tot":"35154","mailed_bldg":"28141","board_land":"7013","certified_land":"7013","year":"2015","township_code":"19","board_bldg":"28141","township_name":"Lemont","class":"204","pin":"22354060040000","mailed_land":"7013","nbhd":"19060","certified_bldg":"28141"}},{"type":"Feature","geometry":null,"properties":{"board_tot":"35154","certified_tot":"35154","mailed_tot":"35154","mailed_bldg":"28141","board_land":"7013","certified_land":"7013","year":"2016","township_code":"19","board_bldg":"28141","township_name":"Lemont","class":"204","pin":"22354060040000","mailed_land":"7013","nbhd":"19060","certified_bldg":"28141"}},{"type":"Feature","geometry":null,"properties":{"board_tot":"41791","certified_tot":"41791","mailed_tot":"51933","mailed_bldg":"43167","board_land":"8766","certified_land":"8766","year":"2017","township_code":"19","board_bldg":"33025","township_name":"Lemont","class":"204","pin":"22354060040000","mailed_land":"8766","nbhd":"19060","certified_bldg":"33025"}},{"type":"Feature","geometry":null,"properties":{"board_tot":"39394","certified_tot":"39394","mailed_tot":"41791","mailed_bldg":"33025","board_land":"8766","certified_land":"8766","year":"2018","township_code":"19","board_bldg":"30628","township_name":"Lemont","class":"204","pin":"22354060040000","mailed_land":"8766","nbhd":"19060","certified_bldg":"30628"}},{"type":"Feature","geometry":null,"properties":{"board_tot":"39394","certified_tot":"39394","mailed_tot":"39394","mailed_bldg":"30628","board_land":"8766","certified_land":"8766","year":"2019","township_code":"19","board_bldg":"30628","township_name":"Lemont","class":"204","pin":"22354060040000","mailed_land":"8766","nbhd":"19060","certified_bldg":"30628"}},{"type":"Feature","geometry":null,"properties":{"board_tot":"43621","certified_tot":"43621","mailed_tot":"43621","mailed_bldg":"34855","board_land":"8766","certified_land":"8766","year":"2020","township_code":"19","board_bldg":"34855","township_name":"Lemont","class":"204","pin":"22354060040000","mailed_land":"8766","nbhd":"19060","certified_bldg":"34855"}},{"type":"Feature","geometry":null,"properties":{"board_tot":"43621","certified_tot":"43621","mailed_tot":"43621","mailed_bldg":"34855","board_land":"8766","certified_land":"8766","year":"2021","township_code":"19","board_bldg":"34855","township_name":"Lemont","class":"204","pin":"22354060040000","mailed_land":"8766","nbhd":"19060","certified_bldg":"34855"}},{"type":"Feature","geometry":null,"properties":{"board_tot":"43621","certified_tot":"43621","mailed_tot":"43621","mailed_bldg":"34855","board_land":"8766","certified_land":"8766","year":"2022","township_code":"19","board_bldg":"34855","township_name":"Lemont","class":"204","pin":"22354060040000","mailed_land":"8766","nbhd":"19060","certified_bldg":"34855"}},{"type":"Feature","geometry":null,"properties":{"board_tot":"56000","certified_tot":"56000","mailed_tot":"56000","mailed_bldg":"33208","board_land":"22792","certified_land":"22792","year":"2023","township_code":"19","board_bldg":"33208","township_name":"Lemont","class":"204","pin":"22354060040000","mailed_land":"22792","nbhd":"19060","certified_bldg":"33208"}},{"type":"Feature","geometry":null,"properties":{"board_tot":"38755","certified_tot":"38755","mailed_tot":"38755","mailed_bldg":"31709","board_land":"7046","certified_land":"7046","year":"1999","township_code":"19","board_bldg":"31709","township_name":"Lemont","class":"208","pin":"22354060050000","mailed_land":"7046","nbhd":"19060","certified_bldg":"31709"}},{"type":"Feature","geometry":null,"properties":{"board_tot":"38755","certified_tot":"38755","mailed_tot":"38755","mailed_bldg":"31709","board_land":"7046","certified_land":"7046","year":"2000","township_code":"19","board_bldg":"31709","township_name":"Lemont","class":"208","pin":"22354060050000","mailed_land":"7046","nbhd":"19060","certified_bldg":"31709"}},{"type":"Feature","geometry":null,"properties":{"board_tot":"38755","certified_tot":"38755","mailed_tot":"38755","mailed_bldg":"31709","board_land":"7046","certified_land":"7046","year":"2001","township_code":"19","board_bldg":"31709","township_name":"Lemont","class":"208","pin":"22354060050000","mailed_land":"7046","nbhd":"19060","certified_bldg":"31709"}},{"type":"Feature","geometry":null,"properties":{"board_tot":"48041","certified_tot":"48041","mailed_tot":"48041","mailed_bldg":"40995","board_land":"7046","certified_land":"7046","year":"2002","township_code":"19","board_bldg":"40995","township_name":"Lemont","class":"208","pin":"22354060050000","mailed_land":"7046","nbhd":"19060","certified_bldg":"40995"}},{"type":"Feature","geometry":null,"properties":{"board_tot":"48041","certified_tot":"48041","mailed_tot":"48041","mailed_bldg":"40995","board_land":"7046","certified_land":"7046","year":"2003","township_code":"19","board_bldg":"40995","township_name":"Lemont","class":"208","pin":"22354060050000","mailed_land":"7046","nbhd":"19060","certified_bldg":"40995"}},{"type":"Feature","geometry":null,"properties":{"board_tot":"48041","certified_tot":"48041","mailed_tot":"48041","mailed_bldg":"40995","board_land":"7046","certified_land":"7046","year":"2004","township_code":"19","board_bldg":"40995","township_name":"Lemont","class":"208","pin":"22354060050000","mailed_land":"7046","nbhd":"19060","certified_bldg":"40995"}},{"type":"Feature","geometry":null,"properties":{"board_tot":"58180","certified_tot":"58180","mailed_tot":"58180","mailed_bldg":"50507","board_land":"7673","certified_land":"7673","year":"2005","township_code":"19","board_bldg":"50507","township_name":"Lemont","class":"208","pin":"22354060050000","mailed_land":"7673","nbhd":"19060","certified_bldg":"50507"}},{"type":"Feature","geometry":null,"properties":{"board_tot":"58180","certified_tot":"58180","mailed_tot":"58180","mailed_bldg":"50507","board_land":"7673","certified_land":"7673","year":"2006","township_code":"19","board_bldg":"50507","township_name":"Lemont","class":"208","pin":"22354060050000","mailed_land":"7673","nbhd":"19060","certified_bldg":"50507"}},{"type":"Feature","geometry":null,"properties":{"board_tot":"58180","certified_tot":"58180","mailed_tot":"58180","mailed_bldg":"50507","board_land":"7673","certified_land":"7673","year":"2007","township_code":"19","board_bldg":"50507","township_name":"Lemont","class":"208","pin":"22354060050000","mailed_land":"7673","nbhd":"19060","certified_bldg":"50507"}},{"type":"Feature","geometry":null,"properties":{"board_tot":"68186","certified_tot":"68186","mailed_tot":"68186","mailed_bldg":"57955","board_land":"10231","certified_land":"10231","year":"2008","township_code":"19","board_bldg":"57955","township_name":"Lemont","class":"208","pin":"22354060050000","mailed_land":"10231","nbhd":"19060","certified_bldg":"57955"}},{"type":"Feature","geometry":null,"properties":{"board_tot":"64776","certified_tot":"64776","mailed_tot":"64776","mailed_bldg":"58382","board_land":"6394","certified_land":"6394","year":"2009","township_code":"19","board_bldg":"58382","township_name":"Lemont","class":"208","pin":"22354060050000","mailed_land":"6394","nbhd":"19060","certified_bldg":"58382"}},{"type":"Feature","geometry":null,"properties":{"board_tot":"53194","certified_tot":"53194","mailed_tot":"64776","mailed_bldg":"58382","board_land":"6394","certified_land":"6394","year":"2010","township_code":"19","board_bldg":"46800","township_name":"Lemont","class":"208","pin":"22354060050000","mailed_land":"6394","nbhd":"19060","certified_bldg":"46800"}},{"type":"Feature","geometry":null,"properties":{"board_tot":"45442","certified_tot":"57898","mailed_tot":"59084","mailed_bldg":"52690","board_land":"6394","certified_land":"6394","year":"2011","township_code":"19","board_bldg":"39048","township_name":"Lemont","class":"208","pin":"22354060050000","mailed_land":"6394","nbhd":"19060","certified_bldg":"51504"}},{"type":"Feature","geometry":null,"properties":{"board_tot":"45442","certified_tot":"45442","mailed_tot":"45442","mailed_bldg":"39048","board_land":"6394","certified_land":"6394","year":"2012","township_code":"19","board_bldg":"39048","township_name":"Lemont","class":"208","pin":"22354060050000","mailed_land":"6394","nbhd":"19060","certified_bldg":"39048"}},{"type":"Feature","geometry":null,"properties":{"board_tot":"45442","certified_tot":"45442","mailed_tot":"45442","mailed_bldg":"39048","board_land":"6394","certified_land":"6394","year":"2013","township_code":"19","board_bldg":"39048","township_name":"Lemont","class":"208","pin":"22354060050000","mailed_land":"6394","nbhd":"19060","certified_bldg":"39048"}},{"type":"Feature","geometry":null,"properties":{"board_tot":"43047","certified_tot":"47044","mailed_tot":"51274","mailed_bldg":"44880","board_land":"6394","certified_land":"6394","year":"2014","township_code":"19","board_bldg":"36653","township_name":"Lemont","class":"208","pin":"22354060050000","mailed_land":"6394","nbhd":"19060","certified_bldg":"40650"}},{"type":"Feature","geometry":null,"properties":{"board_tot":"43047","certified_tot":"43047","mailed_tot":"43047","mailed_bldg":"36653","board_land":"6394","certified_land":"6394","year":"2015","township_code":"19","board_bldg":"36653","township_name":"Lemont","class":"208","pin":"22354060050000","mailed_land":"6394","nbhd":"19060","certified_bldg":"36653"}},{"type":"Feature","geometry":null,"properties":{"board_tot":"43047","certified_tot":"43047","mailed_tot":"43047","mailed_bldg":"36653","board_land":"6394","certified_land":"6394","year":"2016","township_code":"19","board_bldg":"36653","township_name":"Lemont","class":"208","pin":"22354060050000","mailed_land":"6394","nbhd":"19060","certified_bldg":"36653"}},{"type":"Feature","geometry":null,"properties":{"board_tot":"47203","certified_tot":"56826","mailed_tot":"59077","mailed_bldg":"51084","board_land":"7993","certified_land":"7993","year":"2017","township_code":"19","board_bldg":"39210","township_name":"Lemont","class":"208","pin":"22354060050000","mailed_land":"7993","nbhd":"19060","certified_bldg":"48833"}},{"type":"Feature","geometry":null,"properties":{"board_tot":"43915","certified_tot":"47203","mailed_tot":"47203","mailed_bldg":"39210","board_land":"7993","certified_land":"7993","year":"2018","township_code":"19","board_bldg":"35922","township_name":"Lemont","class":"208","pin":"22354060050000","mailed_land":"7993","nbhd":"19060","certified_bldg":"39210"}},{"type":"Feature","geometry":null,"properties":{"board_tot":"43915","certified_tot":"43915","mailed_tot":"43915","mailed_bldg":"35922","board_land":"7993","certified_land":"7993","year":"2019","township_code":"19","board_bldg":"35922","township_name":"Lemont","class":"208","pin":"22354060050000","mailed_land":"7993","nbhd":"19060","certified_bldg":"35922"}},{"type":"Feature","geometry":null,"properties":{"board_tot":"45770","certified_tot":"45770","mailed_tot":"54547","mailed_bldg":"46554","board_land":"7993","certified_land":"7993","year":"2020","township_code":"19","board_bldg":"37777","township_name":"Lemont","class":"208","pin":"22354060050000","mailed_land":"7993","nbhd":"19060","certified_bldg":"37777"}},{"type":"Feature","geometry":null,"properties":{"board_tot":"45770","certified_tot":"45770","mailed_tot":"45770","mailed_bldg":"37777","board_land":"7993","certified_land":"7993","year":"2021","township_code":"19","board_bldg":"37777","township_name":"Lemont","class":"208","pin":"22354060050000","mailed_land":"7993","nbhd":"19060","certified_bldg":"37777"}},{"type":"Feature","geometry":null,"properties":{"board_tot":"45770","certified_tot":"45770","mailed_tot":"45770","mailed_bldg":"37777","board_land":"7993","certified_land":"7993","year":"2022","township_code":"19","board_bldg":"37777","township_name":"Lemont","class":"208","pin":"22354060050000","mailed_land":"7993","nbhd":"19060","certified_bldg":"37777"}},{"type":"Feature","geometry":null,"properties":{"board_tot":"61008","certified_tot":"66001","mailed_tot":"66001","mailed_bldg":"45218","board_land":"20783","certified_land":"20783","year":"2023","township_code":"19","board_bldg":"40225","township_name":"Lemont","class":"208","pin":"22354060050000","mailed_land":"20783","nbhd":"19060","certified_bldg":"45218"}},{"type":"Feature","geometry":null,"properties":{"board_tot":"36684","certified_tot":"36684","mailed_tot":"36684","mailed_bldg":"30060","board_land":"6624","certified_land":"6624","year":"1999","township_code":"19","board_bldg":"30060","township_name":"Lemont","class":"208","pin":"22354060060000","mailed_land":"6624","nbhd":"19060","certified_bldg":"30060"}},{"type":"Feature","geometry":null,"properties":{"board_tot":"36684","certified_tot":"36684","mailed_tot":"36684","mailed_bldg":"30060","board_land":"6624","certified_land":"6624","year":"2000","township_code":"19","board_bldg":"30060","township_name":"Lemont","class":"208","pin":"22354060060000","mailed_land":"6624","nbhd":"19060","certified_bldg":"30060"}},{"type":"Feature","geometry":null,"properties":{"board_tot":"36684","certified_tot":"36684","mailed_tot":"36684","mailed_bldg":"30060","board_land":"6624","certified_land":"6624","year":"2001","township_code":"19","board_bldg":"30060","township_name":"Lemont","class":"208","pin":"22354060060000","mailed_land":"6624","nbhd":"19060","certified_bldg":"30060"}},{"type":"Feature","geometry":null,"properties":{"board_tot":"46218","certified_tot":"46218","mailed_tot":"46218","mailed_bldg":"39594","board_land":"6624","certified_land":"6624","year":"2002","township_code":"19","board_bldg":"39594","township_name":"Lemont","class":"208","pin":"22354060060000","mailed_land":"6624","nbhd":"19060","certified_bldg":"39594"}},{"type":"Feature","geometry":null,"properties":{"board_tot":"41830","certified_tot":"41830","mailed_tot":"46218","mailed_bldg":"39594","board_land":"6624","certified_land":"6624","year":"2003","township_code":"19","board_bldg":"35206","township_name":"Lemont","class":"278","pin":"22354060060000","mailed_land":"6624","nbhd":"19060","certified_bldg":"35206"}},{"type":"Feature","geometry":null,"properties":{"board_tot":"41830","certified_tot":"41830","mailed_tot":"41830","mailed_bldg":"35206","board_land":"6624","certified_land":"6624","year":"2004","township_code":"19","board_bldg":"35206","township_name":"Lemont","class":"278","pin":"22354060060000","mailed_land":"6624","nbhd":"19060","certified_bldg":"35206"}},{"type":"Feature","geometry":null,"properties":{"board_tot":"53148","certified_tot":"53148","mailed_tot":"53148","mailed_bldg":"45935","board_land":"7213","certified_land":"7213","year":"2005","township_code":"19","board_bldg":"45935","township_name":"Lemont","class":"208","pin":"22354060060000","mailed_land":"7213","nbhd":"19060","certified_bldg":"45935"}},{"type":"Feature","geometry":null,"properties":{"board_tot":"51531","certified_tot":"51531","mailed_tot":"53148","mailed_bldg":"45935","board_land":"7213","certified_land":"7213","year":"2006","township_code":"19","board_bldg":"44318","township_name":"Lemont","class":"278","pin":"22354060060000","mailed_land":"7213","nbhd":"19060","certified_bldg":"44318"}},{"type":"Feature","geometry":null,"properties":{"board_tot":"51531","certified_tot":"51531","mailed_tot":"51531","mailed_bldg":"44318","board_land":"7213","certified_land":"7213","year":"2007","township_code":"19","board_bldg":"44318","township_name":"Lemont","class":"278","pin":"22354060060000","mailed_land":"7213","nbhd":"19060","certified_bldg":"44318"}},{"type":"Feature","geometry":null,"properties":{"board_tot":"61006","certified_tot":"61006","mailed_tot":"61006","mailed_bldg":"38164","board_land":"22842","certified_land":"22842","year":"2008","township_code":"19","board_bldg":"38164","township_name":"Lemont","class":"278","pin":"22354060060000","mailed_land":"22842","nbhd":"19060","certified_bldg":"38164"}},{"type":"Feature","geometry":null,"properties":{"board_tot":"57954","certified_tot":"57954","mailed_tot":"57954","mailed_bldg":"43678","board_land":"14276","certified_land":"14276","year":"2009","township_code":"19","board_bldg":"43678","township_name":"Lemont","class":"278","pin":"22354060060000","mailed_land":"14276","nbhd":"19060","certified_bldg":"43678"}},{"type":"Feature","geometry":null,"properties":{"board_tot":"57954","certified_tot":"57954","mailed_tot":"57954","mailed_bldg":"43678","board_land":"14276","certified_land":"14276","year":"2010","township_code":"19","board_bldg":"43678","township_name":"Lemont","class":"278","pin":"22354060060000","mailed_land":"14276","nbhd":"19060","certified_bldg":"43678"}},{"type":"Feature","geometry":null,"properties":{"board_tot":"49695","certified_tot":"49695","mailed_tot":"49695","mailed_bldg":"35419","board_land":"14276","certified_land":"14276","year":"2011","township_code":"19","board_bldg":"35419","township_name":"Lemont","class":"278","pin":"22354060060000","mailed_land":"14276","nbhd":"19060","certified_bldg":"35419"}},{"type":"Feature","geometry":null,"properties":{"board_tot":"49695","certified_tot":"49695","mailed_tot":"49695","mailed_bldg":"35419","board_land":"14276","certified_land":"14276","year":"2012","township_code":"19","board_bldg":"35419","township_name":"Lemont","class":"278","pin":"22354060060000","mailed_land":"14276","nbhd":"19060","certified_bldg":"35419"}},{"type":"Feature","geometry":null,"properties":{"board_tot":"49695","certified_tot":"49695","mailed_tot":"49695","mailed_bldg":"35419","board_land":"14276","certified_land":"14276","year":"2013","township_code":"19","board_bldg":"35419","township_name":"Lemont","class":"278","pin":"22354060060000","mailed_land":"14276","nbhd":"19060","certified_bldg":"35419"}},{"type":"Feature","geometry":null,"properties":{"board_tot":"46107","certified_tot":"46107","mailed_tot":"46107","mailed_bldg":"31831","board_land":"14276","certified_land":"14276","year":"2014","township_code":"19","board_bldg":"31831","township_name":"Lemont","class":"278","pin":"22354060060000","mailed_land":"14276","nbhd":"19060","certified_bldg":"31831"}},{"type":"Feature","geometry":null,"properties":{"board_tot":"46107","certified_tot":"46107","mailed_tot":"46107","mailed_bldg":"31831","board_land":"14276","certified_land":"14276","year":"2015","township_code":"19","board_bldg":"31831","township_name":"Lemont","class":"278","pin":"22354060060000","mailed_land":"14276","nbhd":"19060","certified_bldg":"31831"}},{"type":"Feature","geometry":null,"properties":{"board_tot":"46107","certified_tot":"46107","mailed_tot":"46107","mailed_bldg":"31831","board_land":"14276","certified_land":"14276","year":"2016","township_code":"19","board_bldg":"31831","township_name":"Lemont","class":"278","pin":"22354060060000","mailed_land":"14276","nbhd":"19060","certified_bldg":"31831"}},{"type":"Feature","geometry":null,"properties":{"board_tot":"50353","certified_tot":"50353","mailed_tot":"50353","mailed_bldg":"33071","board_land":"17282","certified_land":"17282","year":"2017","township_code":"19","board_bldg":"33071","township_name":"Lemont","class":"278","pin":"22354060060000","mailed_land":"17282","nbhd":"19060","certified_bldg":"33071"}},{"type":"Feature","geometry":null,"properties":{"board_tot":"50353","certified_tot":"50353","mailed_tot":"50353","mailed_bldg":"33071","board_land":"17282","certified_land":"17282","year":"2018","township_code":"19","board_bldg":"33071","township_name":"Lemont","class":"278","pin":"22354060060000","mailed_land":"17282","nbhd":"19060","certified_bldg":"33071"}},{"type":"Feature","geometry":null,"properties":{"board_tot":"50353","certified_tot":"50353","mailed_tot":"50353","mailed_bldg":"33071","board_land":"17282","certified_land":"17282","year":"2019","township_code":"19","board_bldg":"33071","township_name":"Lemont","class":"278","pin":"22354060060000","mailed_land":"17282","nbhd":"19060","certified_bldg":"33071"}},{"type":"Feature","geometry":null,"properties":{"board_tot":"46203","certified_tot":"46203","mailed_tot":"46203","mailed_bldg":"28921","board_land":"17282","certified_land":"17282","year":"2020","township_code":"19","board_bldg":"28921","township_name":"Lemont","class":"278","pin":"22354060060000","mailed_land":"17282","nbhd":"19060","certified_bldg":"28921"}},{"type":"Feature","geometry":null,"properties":{"board_tot":"46204","certified_tot":"46204","mailed_tot":"46204","mailed_bldg":"28922","board_land":"17282","certified_land":"17282","year":"2021","township_code":"19","board_bldg":"28922","township_name":"Lemont","class":"278","pin":"22354060060000","mailed_land":"17282","nbhd":"19060","certified_bldg":"28922"}},{"type":"Feature","geometry":null,"properties":{"board_tot":"46204","certified_tot":"46204","mailed_tot":"46204","mailed_bldg":"28922","board_land":"17282","certified_land":"17282","year":"2022","township_code":"19","board_bldg":"28922","township_name":"Lemont","class":"278","pin":"22354060060000","mailed_land":"17282","nbhd":"19060","certified_bldg":"28922"}},{"type":"Feature","geometry":null,"properties":{"board_tot":"63000","certified_tot":"63000","mailed_tot":"63000","mailed_bldg":"43464","board_land":"19536","certified_land":"19536","year":"2023","township_code":"19","board_bldg":"43464","township_name":"Lemont","class":"278","pin":"22354060060000","mailed_land":"19536","nbhd":"19060","certified_bldg":"43464"}},{"type":"Feature","geometry":null,"properties":{"board_tot":"37327","certified_tot":"37327","mailed_tot":"37327","mailed_bldg":"30492","board_land":"6835","certified_land":"6835","year":"1999","township_code":"19","board_bldg":"30492","township_name":"Lemont","class":"208","pin":"22354060070000","mailed_land":"6835","nbhd":"19060","certified_bldg":"30492"}},{"type":"Feature","geometry":null,"properties":{"board_tot":"37327","certified_tot":"37327","mailed_tot":"37327","mailed_bldg":"30492","board_land":"6835","certified_land":"6835","year":"2000","township_code":"19","board_bldg":"30492","township_name":"Lemont","class":"208","pin":"22354060070000","mailed_land":"6835","nbhd":"19060","certified_bldg":"30492"}},{"type":"Feature","geometry":null,"properties":{"board_tot":"37327","certified_tot":"37327","mailed_tot":"37327","mailed_bldg":"30492","board_land":"6835","certified_land":"6835","year":"2001","township_code":"19","board_bldg":"30492","township_name":"Lemont","class":"208","pin":"22354060070000","mailed_land":"6835","nbhd":"19060","certified_bldg":"30492"}},{"type":"Feature","geometry":null,"properties":{"board_tot":"45650","certified_tot":"45650","mailed_tot":"45650","mailed_bldg":"38815","board_land":"6835","certified_land":"6835","year":"2002","township_code":"19","board_bldg":"38815","township_name":"Lemont","class":"208","pin":"22354060070000","mailed_land":"6835","nbhd":"19060","certified_bldg":"38815"}},{"type":"Feature","geometry":null,"properties":{"board_tot":"45650","certified_tot":"45650","mailed_tot":"45650","mailed_bldg":"38815","board_land":"6835","certified_land":"6835","year":"2003","township_code":"19","board_bldg":"38815","township_name":"Lemont","class":"208","pin":"22354060070000","mailed_land":"6835","nbhd":"19060","certified_bldg":"38815"}},{"type":"Feature","geometry":null,"properties":{"board_tot":"45650","certified_tot":"45650","mailed_tot":"45650","mailed_bldg":"38815","board_land":"6835","certified_land":"6835","year":"2004","township_code":"19","board_bldg":"38815","township_name":"Lemont","class":"208","pin":"22354060070000","mailed_land":"6835","nbhd":"19060","certified_bldg":"38815"}},{"type":"Feature","geometry":null,"properties":{"board_tot":"54271","certified_tot":"54271","mailed_tot":"54271","mailed_bldg":"46828","board_land":"7443","certified_land":"7443","year":"2005","township_code":"19","board_bldg":"46828","township_name":"Lemont","class":"208","pin":"22354060070000","mailed_land":"7443","nbhd":"19060","certified_bldg":"46828"}},{"type":"Feature","geometry":null,"properties":{"board_tot":"54271","certified_tot":"54271","mailed_tot":"54271","mailed_bldg":"46828","board_land":"7443","certified_land":"7443","year":"2006","township_code":"19","board_bldg":"46828","township_name":"Lemont","class":"208","pin":"22354060070000","mailed_land":"7443","nbhd":"19060","certified_bldg":"46828"}},{"type":"Feature","geometry":null,"properties":{"board_tot":"54271","certified_tot":"54271","mailed_tot":"54271","mailed_bldg":"46828","board_land":"7443","certified_land":"7443","year":"2007","township_code":"19","board_bldg":"46828","township_name":"Lemont","class":"208","pin":"22354060070000","mailed_land":"7443","nbhd":"19060","certified_bldg":"46828"}},{"type":"Feature","geometry":null,"properties":{"board_tot":"62767","certified_tot":"62767","mailed_tot":"62767","mailed_bldg":"52843","board_land":"9924","certified_land":"9924","year":"2008","township_code":"19","board_bldg":"52843","township_name":"Lemont","class":"208","pin":"22354060070000","mailed_land":"9924","nbhd":"19060","certified_bldg":"52843"}},{"type":"Feature","geometry":null,"properties":{"board_tot":"59628","certified_tot":"59628","mailed_tot":"59628","mailed_bldg":"53426","board_land":"6202","certified_land":"6202","year":"2009","township_code":"19","board_bldg":"53426","township_name":"Lemont","class":"208","pin":"22354060070000","mailed_land":"6202","nbhd":"19060","certified_bldg":"53426"}},{"type":"Feature","geometry":null,"properties":{"board_tot":"59628","certified_tot":"59628","mailed_tot":"59628","mailed_bldg":"53426","board_land":"6202","certified_land":"6202","year":"2010","township_code":"19","board_bldg":"53426","township_name":"Lemont","class":"208","pin":"22354060070000","mailed_land":"6202","nbhd":"19060","certified_bldg":"53426"}},{"type":"Feature","geometry":null,"properties":{"board_tot":"54862","certified_tot":"54862","mailed_tot":"54862","mailed_bldg":"48660","board_land":"6202","certified_land":"6202","year":"2011","township_code":"19","board_bldg":"48660","township_name":"Lemont","class":"208","pin":"22354060070000","mailed_land":"6202","nbhd":"19060","certified_bldg":"48660"}},{"type":"Feature","geometry":null,"properties":{"board_tot":"54862","certified_tot":"54862","mailed_tot":"54862","mailed_bldg":"48660","board_land":"6202","certified_land":"6202","year":"2012","township_code":"19","board_bldg":"48660","township_name":"Lemont","class":"208","pin":"22354060070000","mailed_land":"6202","nbhd":"19060","certified_bldg":"48660"}},{"type":"Feature","geometry":null,"properties":{"board_tot":"54862","certified_tot":"54862","mailed_tot":"54862","mailed_bldg":"48660","board_land":"6202","certified_land":"6202","year":"2013","township_code":"19","board_bldg":"48660","township_name":"Lemont","class":"208","pin":"22354060070000","mailed_land":"6202","nbhd":"19060","certified_bldg":"48660"}},{"type":"Feature","geometry":null,"properties":{"board_tot":"41702","certified_tot":"45698","mailed_tot":"49461","mailed_bldg":"43259","board_land":"6202","certified_land":"6202","year":"2014","township_code":"19","board_bldg":"35500","township_name":"Lemont","class":"208","pin":"22354060070000","mailed_land":"6202","nbhd":"19060","certified_bldg":"39496"}},{"type":"Feature","geometry":null,"properties":{"board_tot":"41702","certified_tot":"41702","mailed_tot":"41702","mailed_bldg":"35500","board_land":"6202","certified_land":"6202","year":"2015","township_code":"19","board_bldg":"35500","township_name":"Lemont","class":"208","pin":"22354060070000","mailed_land":"6202","nbhd":"19060","certified_bldg":"35500"}},{"type":"Feature","geometry":null,"properties":{"board_tot":"41702","certified_tot":"41702","mailed_tot":"41702","mailed_bldg":"35500","board_land":"6202","certified_land":"6202","year":"2016","township_code":"19","board_bldg":"35500","township_name":"Lemont","class":"208","pin":"22354060070000","mailed_land":"6202","nbhd":"19060","certified_bldg":"35500"}},{"type":"Feature","geometry":null,"properties":{"board_tot":"54533","certified_tot":"54533","mailed_tot":"54533","mailed_bldg":"46780","board_land":"7753","certified_land":"7753","year":"2017","township_code":"19","board_bldg":"46780","township_name":"Lemont","class":"208","pin":"22354060070000","mailed_land":"7753","nbhd":"19060","certified_bldg":"46780"}},{"type":"Feature","geometry":null,"properties":{"board_tot":"54533","certified_tot":"54533","mailed_tot":"54533","mailed_bldg":"46780","board_land":"7753","certified_land":"7753","year":"2018","township_code":"19","board_bldg":"46780","township_name":"Lemont","class":"208","pin":"22354060070000","mailed_land":"7753","nbhd":"19060","certified_bldg":"46780"}},{"type":"Feature","geometry":null,"properties":{"board_tot":"54533","certified_tot":"54533","mailed_tot":"54533","mailed_bldg":"46780","board_land":"7753","certified_land":"7753","year":"2019","township_code":"19","board_bldg":"46780","township_name":"Lemont","class":"208","pin":"22354060070000","mailed_land":"7753","nbhd":"19060","certified_bldg":"46780"}},{"type":"Feature","geometry":null,"properties":{"board_tot":"44428","certified_tot":"53314","mailed_tot":"53314","mailed_bldg":"45561","board_land":"7754","certified_land":"7753","year":"2020","township_code":"19","board_bldg":"36674","township_name":"Lemont","class":"208","pin":"22354060070000","mailed_land":"7753","nbhd":"19060","certified_bldg":"45561"}},{"type":"Feature","geometry":null,"properties":{"board_tot":"44428","certified_tot":"44428","mailed_tot":"44428","mailed_bldg":"36674","board_land":"7754","certified_land":"7754","year":"2021","township_code":"19","board_bldg":"36674","township_name":"Lemont","class":"208","pin":"22354060070000","mailed_land":"7754","nbhd":"19060","certified_bldg":"36674"}},{"type":"Feature","geometry":null,"properties":{"board_tot":"44428","certified_tot":"44428","mailed_tot":"44428","mailed_bldg":"36674","board_land":"7754","certified_land":"7754","year":"2022","township_code":"19","board_bldg":"36674","township_name":"Lemont","class":"208","pin":"22354060070000","mailed_land":"7754","nbhd":"19060","certified_bldg":"36674"}},{"type":"Feature","geometry":null,"properties":{"board_tot":"61530","certified_tot":"64000","mailed_tot":"64000","mailed_bldg":"43841","board_land":"20159","certified_land":"20159","year":"2023","township_code":"19","board_bldg":"41371","township_name":"Lemont","class":"208","pin":"22354060070000","mailed_land":"20159","nbhd":"19060","certified_bldg":"43841"}},{"type":"Feature","geometry":null,"properties":{"board_tot":"36768","certified_tot":"36768","mailed_tot":"36768","mailed_bldg":"30058","board_land":"6710","certified_land":"6710","year":"1999","township_code":"19","board_bldg":"30058","township_name":"Lemont","class":"204","pin":"22354060080000","mailed_land":"6710","nbhd":"19060","certified_bldg":"30058"}},{"type":"Feature","geometry":null,"properties":{"board_tot":"36768","certified_tot":"36768","mailed_tot":"36768","mailed_bldg":"30058","board_land":"6710","certified_land":"6710","year":"2000","township_code":"19","board_bldg":"30058","township_name":"Lemont","class":"204","pin":"22354060080000","mailed_land":"6710","nbhd":"19060","certified_bldg":"30058"}},{"type":"Feature","geometry":null,"properties":{"board_tot":"36768","certified_tot":"36768","mailed_tot":"36768","mailed_bldg":"30058","board_land":"6710","certified_land":"6710","year":"2001","township_code":"19","board_bldg":"30058","township_name":"Lemont","class":"204","pin":"22354060080000","mailed_land":"6710","nbhd":"19060","certified_bldg":"30058"}},{"type":"Feature","geometry":null,"properties":{"board_tot":"45975","certified_tot":"45975","mailed_tot":"45975","mailed_bldg":"39265","board_land":"6710","certified_land":"6710","year":"2002","township_code":"19","board_bldg":"39265","township_name":"Lemont","class":"204","pin":"22354060080000","mailed_land":"6710","nbhd":"19060","certified_bldg":"39265"}},{"type":"Feature","geometry":null,"properties":{"board_tot":"45975","certified_tot":"45975","mailed_tot":"45975","mailed_bldg":"39265","board_land":"6710","certified_land":"6710","year":"2003","township_code":"19","board_bldg":"39265","township_name":"Lemont","class":"204","pin":"22354060080000","mailed_land":"6710","nbhd":"19060","certified_bldg":"39265"}},{"type":"Feature","geometry":null,"properties":{"board_tot":"45975","certified_tot":"45975","mailed_tot":"45975","mailed_bldg":"39265","board_land":"6710","certified_land":"6710","year":"2004","township_code":"19","board_bldg":"39265","township_name":"Lemont","class":"204","pin":"22354060080000","mailed_land":"6710","nbhd":"19060","certified_bldg":"39265"}},{"type":"Feature","geometry":null,"properties":{"board_tot":"56362","certified_tot":"56362","mailed_tot":"56362","mailed_bldg":"49055","board_land":"7307","certified_land":"7307","year":"2005","township_code":"19","board_bldg":"49055","township_name":"Lemont","class":"204","pin":"22354060080000","mailed_land":"7307","nbhd":"19060","certified_bldg":"49055"}},{"type":"Feature","geometry":null,"properties":{"board_tot":"56362","certified_tot":"56362","mailed_tot":"56362","mailed_bldg":"49055","board_land":"7307","certified_land":"7307","year":"2006","township_code":"19","board_bldg":"49055","township_name":"Lemont","class":"204","pin":"22354060080000","mailed_land":"7307","nbhd":"19060","certified_bldg":"49055"}},{"type":"Feature","geometry":null,"properties":{"board_tot":"56362","certified_tot":"56362","mailed_tot":"56362","mailed_bldg":"49055","board_land":"7307","certified_land":"7307","year":"2007","township_code":"19","board_bldg":"49055","township_name":"Lemont","class":"204","pin":"22354060080000","mailed_land":"7307","nbhd":"19060","certified_bldg":"49055"}},{"type":"Feature","geometry":null,"properties":{"board_tot":"59231","certified_tot":"59231","mailed_tot":"59231","mailed_bldg":"36091","board_land":"23140","certified_land":"23140","year":"2008","township_code":"19","board_bldg":"36091","township_name":"Lemont","class":"204","pin":"22354060080000","mailed_land":"23140","nbhd":"19060","certified_bldg":"36091"}},{"type":"Feature","geometry":null,"properties":{"board_tot":"56269","certified_tot":"56269","mailed_tot":"56269","mailed_bldg":"41807","board_land":"14462","certified_land":"14462","year":"2009","township_code":"19","board_bldg":"41807","township_name":"Lemont","class":"204","pin":"22354060080000","mailed_land":"14462","nbhd":"19060","certified_bldg":"41807"}},{"type":"Feature","geometry":null,"properties":{"board_tot":"56269","certified_tot":"56269","mailed_tot":"56269","mailed_bldg":"41807","board_land":"14462","certified_land":"14462","year":"2010","township_code":"19","board_bldg":"41807","township_name":"Lemont","class":"204","pin":"22354060080000","mailed_land":"14462","nbhd":"19060","certified_bldg":"41807"}},{"type":"Feature","geometry":null,"properties":{"board_tot":"54019","certified_tot":"54019","mailed_tot":"54019","mailed_bldg":"39557","board_land":"14462","certified_land":"14462","year":"2011","township_code":"19","board_bldg":"39557","township_name":"Lemont","class":"204","pin":"22354060080000","mailed_land":"14462","nbhd":"19060","certified_bldg":"39557"}},{"type":"Feature","geometry":null,"properties":{"board_tot":"54019","certified_tot":"54019","mailed_tot":"54019","mailed_bldg":"39557","board_land":"14462","certified_land":"14462","year":"2012","township_code":"19","board_bldg":"39557","township_name":"Lemont","class":"204","pin":"22354060080000","mailed_land":"14462","nbhd":"19060","certified_bldg":"39557"}},{"type":"Feature","geometry":null,"properties":{"board_tot":"54019","certified_tot":"54019","mailed_tot":"54019","mailed_bldg":"39557","board_land":"14462","certified_land":"14462","year":"2013","township_code":"19","board_bldg":"39557","township_name":"Lemont","class":"204","pin":"22354060080000","mailed_land":"14462","nbhd":"19060","certified_bldg":"39557"}},{"type":"Feature","geometry":null,"properties":{"board_tot":"47676","certified_tot":"47676","mailed_tot":"49992","mailed_bldg":"35530","board_land":"14462","certified_land":"14462","year":"2014","township_code":"19","board_bldg":"33214","township_name":"Lemont","class":"204","pin":"22354060080000","mailed_land":"14462","nbhd":"19060","certified_bldg":"33214"}},{"type":"Feature","geometry":null,"properties":{"board_tot":"47676","certified_tot":"47676","mailed_tot":"47676","mailed_bldg":"33214","board_land":"14462","certified_land":"14462","year":"2015","township_code":"19","board_bldg":"33214","township_name":"Lemont","class":"204","pin":"22354060080000","mailed_land":"14462","nbhd":"19060","certified_bldg":"33214"}},{"type":"Feature","geometry":null,"properties":{"board_tot":"47676","certified_tot":"47676","mailed_tot":"47676","mailed_bldg":"33214","board_land":"14462","certified_land":"14462","year":"2016","township_code":"19","board_bldg":"33214","township_name":"Lemont","class":"204","pin":"22354060080000","mailed_land":"14462","nbhd":"19060","certified_bldg":"33214"}},{"type":"Feature","geometry":null,"properties":{"board_tot":"54265","certified_tot":"54265","mailed_tot":"54265","mailed_bldg":"36758","board_land":"17507","certified_land":"17507","year":"2017","township_code":"19","board_bldg":"36758","township_name":"Lemont","class":"204","pin":"22354060080000","mailed_land":"17507","nbhd":"19060","certified_bldg":"36758"}},{"type":"Feature","geometry":null,"properties":{"board_tot":"54265","certified_tot":"54265","mailed_tot":"54265","mailed_bldg":"36758","board_land":"17507","certified_land":"17507","year":"2018","township_code":"19","board_bldg":"36758","township_name":"Lemont","class":"204","pin":"22354060080000","mailed_land":"17507","nbhd":"19060","certified_bldg":"36758"}},{"type":"Feature","geometry":null,"properties":{"board_tot":"54265","certified_tot":"54265","mailed_tot":"54265","mailed_bldg":"36758","board_land":"17507","certified_land":"17507","year":"2019","township_code":"19","board_bldg":"36758","township_name":"Lemont","class":"204","pin":"22354060080000","mailed_land":"17507","nbhd":"19060","certified_bldg":"36758"}},{"type":"Feature","geometry":null,"properties":{"board_tot":"54440","certified_tot":"54440","mailed_tot":"54440","mailed_bldg":"36933","board_land":"17507","certified_land":"17507","year":"2020","township_code":"19","board_bldg":"36933","township_name":"Lemont","class":"204","pin":"22354060080000","mailed_land":"17507","nbhd":"19060","certified_bldg":"36933"}},{"type":"Feature","geometry":null,"properties":{"board_tot":"54441","certified_tot":"54441","mailed_tot":"54441","mailed_bldg":"36933","board_land":"17508","certified_land":"17508","year":"2021","township_code":"19","board_bldg":"36933","township_name":"Lemont","class":"204","pin":"22354060080000","mailed_land":"17508","nbhd":"19060","certified_bldg":"36933"}},{"type":"Feature","geometry":null,"properties":{"board_tot":"52562","certified_tot":"54441","mailed_tot":"54441","mailed_bldg":"36933","board_land":"17508","certified_land":"17508","year":"2022","township_code":"19","board_bldg":"35054","township_name":"Lemont","class":"204","pin":"22354060080000","mailed_land":"17508","nbhd":"19060","certified_bldg":"36933"}},{"type":"Feature","geometry":null,"properties":{"board_tot":"58403","certified_tot":"62000","mailed_tot":"62000","mailed_bldg":"42209","board_land":"19791","certified_land":"19791","year":"2023","township_code":"19","board_bldg":"38612","township_name":"Lemont","class":"204","pin":"22354060080000","mailed_land":"19791","nbhd":"19060","certified_bldg":"42209"}},{"type":"Feature","geometry":null,"properties":{"board_tot":"35598","certified_tot":"35598","mailed_tot":"35598","mailed_bldg":"28869","board_land":"6729","certified_land":"6729","year":"1999","township_code":"19","board_bldg":"28869","township_name":"Lemont","class":"204","pin":"22354060090000","mailed_land":"6729","nbhd":"19060","certified_bldg":"28869"}},{"type":"Feature","geometry":null,"properties":{"board_tot":"35598","certified_tot":"35598","mailed_tot":"35598","mailed_bldg":"28869","board_land":"6729","certified_land":"6729","year":"2000","township_code":"19","board_bldg":"28869","township_name":"Lemont","class":"204","pin":"22354060090000","mailed_land":"6729","nbhd":"19060","certified_bldg":"28869"}},{"type":"Feature","geometry":null,"properties":{"board_tot":"35598","certified_tot":"35598","mailed_tot":"35598","mailed_bldg":"28869","board_land":"6729","certified_land":"6729","year":"2001","township_code":"19","board_bldg":"28869","township_name":"Lemont","class":"204","pin":"22354060090000","mailed_land":"6729","nbhd":"19060","certified_bldg":"28869"}},{"type":"Feature","geometry":null,"properties":{"board_tot":"44012","certified_tot":"44012","mailed_tot":"44012","mailed_bldg":"37283","board_land":"6729","certified_land":"6729","year":"2002","township_code":"19","board_bldg":"37283","township_name":"Lemont","class":"204","pin":"22354060090000","mailed_land":"6729","nbhd":"19060","certified_bldg":"37283"}},{"type":"Feature","geometry":null,"properties":{"board_tot":"44012","certified_tot":"44012","mailed_tot":"44012","mailed_bldg":"37283","board_land":"6729","certified_land":"6729","year":"2003","township_code":"19","board_bldg":"37283","township_name":"Lemont","class":"204","pin":"22354060090000","mailed_land":"6729","nbhd":"19060","certified_bldg":"37283"}},{"type":"Feature","geometry":null,"properties":{"board_tot":"44012","certified_tot":"44012","mailed_tot":"44012","mailed_bldg":"37283","board_land":"6729","certified_land":"6729","year":"2004","township_code":"19","board_bldg":"37283","township_name":"Lemont","class":"204","pin":"22354060090000","mailed_land":"6729","nbhd":"19060","certified_bldg":"37283"}},{"type":"Feature","geometry":null,"properties":{"board_tot":"54986","certified_tot":"54986","mailed_tot":"54986","mailed_bldg":"47658","board_land":"7328","certified_land":"7328","year":"2005","township_code":"19","board_bldg":"47658","township_name":"Lemont","class":"204","pin":"22354060090000","mailed_land":"7328","nbhd":"19060","certified_bldg":"47658"}},{"type":"Feature","geometry":null,"properties":{"board_tot":"54986","certified_tot":"54986","mailed_tot":"54986","mailed_bldg":"47658","board_land":"7328","certified_land":"7328","year":"2006","township_code":"19","board_bldg":"47658","township_name":"Lemont","class":"204","pin":"22354060090000","mailed_land":"7328","nbhd":"19060","certified_bldg":"47658"}},{"type":"Feature","geometry":null,"properties":{"board_tot":"54986","certified_tot":"54986","mailed_tot":"54986","mailed_bldg":"47658","board_land":"7328","certified_land":"7328","year":"2007","township_code":"19","board_bldg":"47658","township_name":"Lemont","class":"204","pin":"22354060090000","mailed_land":"7328","nbhd":"19060","certified_bldg":"47658"}},{"type":"Feature","geometry":null,"properties":{"board_tot":"58060","certified_tot":"58060","mailed_tot":"58060","mailed_bldg":"34854","board_land":"23206","certified_land":"23206","year":"2008","township_code":"19","board_bldg":"34854","township_name":"Lemont","class":"204","pin":"22354060090000","mailed_land":"23206","nbhd":"19060","certified_bldg":"34854"}},{"type":"Feature","geometry":null,"properties":{"board_tot":"55157","certified_tot":"55157","mailed_tot":"55157","mailed_bldg":"40653","board_land":"14504","certified_land":"14504","year":"2009","township_code":"19","board_bldg":"40653","township_name":"Lemont","class":"204","pin":"22354060090000","mailed_land":"14504","nbhd":"19060","certified_bldg":"40653"}},{"type":"Feature","geometry":null,"properties":{"board_tot":"55157","certified_tot":"55157","mailed_tot":"55157","mailed_bldg":"40653","board_land":"14504","certified_land":"14504","year":"2010","township_code":"19","board_bldg":"40653","township_name":"Lemont","class":"204","pin":"22354060090000","mailed_land":"14504","nbhd":"19060","certified_bldg":"40653"}},{"type":"Feature","geometry":null,"properties":{"board_tot":"51300","certified_tot":"51300","mailed_tot":"51300","mailed_bldg":"36796","board_land":"14504","certified_land":"14504","year":"2011","township_code":"19","board_bldg":"36796","township_name":"Lemont","class":"204","pin":"22354060090000","mailed_land":"14504","nbhd":"19060","certified_bldg":"36796"}},{"type":"Feature","geometry":null,"properties":{"board_tot":"51300","certified_tot":"51300","mailed_tot":"51300","mailed_bldg":"36796","board_land":"14504","certified_land":"14504","year":"2012","township_code":"19","board_bldg":"36796","township_name":"Lemont","class":"204","pin":"22354060090000","mailed_land":"14504","nbhd":"19060","certified_bldg":"36796"}},{"type":"Feature","geometry":null,"properties":{"board_tot":"51300","certified_tot":"51300","mailed_tot":"51300","mailed_bldg":"36796","board_land":"14504","certified_land":"14504","year":"2013","township_code":"19","board_bldg":"36796","township_name":"Lemont","class":"204","pin":"22354060090000","mailed_land":"14504","nbhd":"19060","certified_bldg":"36796"}},{"type":"Feature","geometry":null,"properties":{"board_tot":"47472","certified_tot":"47472","mailed_tot":"47472","mailed_bldg":"32968","board_land":"14504","certified_land":"14504","year":"2014","township_code":"19","board_bldg":"32968","township_name":"Lemont","class":"204","pin":"22354060090000","mailed_land":"14504","nbhd":"19060","certified_bldg":"32968"}},{"type":"Feature","geometry":null,"properties":{"board_tot":"47472","certified_tot":"47472","mailed_tot":"47472","mailed_bldg":"32968","board_land":"14504","certified_land":"14504","year":"2015","township_code":"19","board_bldg":"32968","township_name":"Lemont","class":"204","pin":"22354060090000","mailed_land":"14504","nbhd":"19060","certified_bldg":"32968"}},{"type":"Feature","geometry":null,"properties":{"board_tot":"47472","certified_tot":"47472","mailed_tot":"47472","mailed_bldg":"32968","board_land":"14504","certified_land":"14504","year":"2016","township_code":"19","board_bldg":"32968","township_name":"Lemont","class":"204","pin":"22354060090000","mailed_land":"14504","nbhd":"19060","certified_bldg":"32968"}},{"type":"Feature","geometry":null,"properties":{"board_tot":"52764","certified_tot":"52764","mailed_tot":"52764","mailed_bldg":"35207","board_land":"17557","certified_land":"17557","year":"2017","township_code":"19","board_bldg":"35207","township_name":"Lemont","class":"204","pin":"22354060090000","mailed_land":"17557","nbhd":"19060","certified_bldg":"35207"}},{"type":"Feature","geometry":null,"properties":{"board_tot":"52764","certified_tot":"52764","mailed_tot":"52764","mailed_bldg":"35207","board_land":"17557","certified_land":"17557","year":"2018","township_code":"19","board_bldg":"35207","township_name":"Lemont","class":"204","pin":"22354060090000","mailed_land":"17557","nbhd":"19060","certified_bldg":"35207"}},{"type":"Feature","geometry":null,"properties":{"board_tot":"52764","certified_tot":"52764","mailed_tot":"52764","mailed_bldg":"35207","board_land":"17557","certified_land":"17557","year":"2019","township_code":"19","board_bldg":"35207","township_name":"Lemont","class":"204","pin":"22354060090000","mailed_land":"17557","nbhd":"19060","certified_bldg":"35207"}},{"type":"Feature","geometry":null,"properties":{"board_tot":"52356","certified_tot":"52356","mailed_tot":"52356","mailed_bldg":"34799","board_land":"17557","certified_land":"17557","year":"2020","township_code":"19","board_bldg":"34799","township_name":"Lemont","class":"204","pin":"22354060090000","mailed_land":"17557","nbhd":"19060","certified_bldg":"34799"}},{"type":"Feature","geometry":null,"properties":{"board_tot":"52357","certified_tot":"52357","mailed_tot":"52357","mailed_bldg":"34799","board_land":"17558","certified_land":"17558","year":"2021","township_code":"19","board_bldg":"34799","township_name":"Lemont","class":"204","pin":"22354060090000","mailed_land":"17558","nbhd":"19060","certified_bldg":"34799"}},{"type":"Feature","geometry":null,"properties":{"board_tot":"52357","certified_tot":"52357","mailed_tot":"52357","mailed_bldg":"34799","board_land":"17558","certified_land":"17558","year":"2022","township_code":"19","board_bldg":"34799","township_name":"Lemont","class":"204","pin":"22354060090000","mailed_land":"17558","nbhd":"19060","certified_bldg":"34799"}},{"type":"Feature","geometry":null,"properties":{"board_tot":"59000","certified_tot":"59000","mailed_tot":"59000","mailed_bldg":"39152","board_land":"19848","certified_land":"19848","year":"2023","township_code":"19","board_bldg":"39152","township_name":"Lemont","class":"204","pin":"22354060090000","mailed_land":"19848","nbhd":"19060","certified_bldg":"39152"}},{"type":"Feature","geometry":null,"properties":{"board_tot":"97843.0","certified_tot":"97843.0","mailed_tot":"97843.0","mailed_bldg":"80097.0","board_land":"17746.0","certified_land":"17746.0","year":"2024","township_code":"23","board_bldg":"80097.0","township_name":"New Trier","class":"209","pin":"05292090250000","mailed_land":"17746.0","nbhd":"23080","certified_bldg":"80097.0"}},{"type":"Feature","geometry":null,"properties":{"board_tot":"38055","certified_tot":"39926","mailed_tot":"39926","mailed_bldg":"33302","board_land":"6624","certified_land":"6624","year":"1999","township_code":"19","board_bldg":"31431","township_name":"Lemont","class":"208","pin":"22354060100000","mailed_land":"6624","nbhd":"19060","certified_bldg":"33302"}},{"type":"Feature","geometry":null,"properties":{"board_tot":"38055","certified_tot":"38055","mailed_tot":"38055","mailed_bldg":"31431","board_land":"6624","certified_land":"6624","year":"2000","township_code":"19","board_bldg":"31431","township_name":"Lemont","class":"208","pin":"22354060100000","mailed_land":"6624","nbhd":"19060","certified_bldg":"31431"}},{"type":"Feature","geometry":null,"properties":{"board_tot":"38055","certified_tot":"38055","mailed_tot":"38055","mailed_bldg":"31431","board_land":"6624","certified_land":"6624","year":"2001","township_code":"19","board_bldg":"31431","township_name":"Lemont","class":"208","pin":"22354060100000","mailed_land":"6624","nbhd":"19060","certified_bldg":"31431"}},{"type":"Feature","geometry":null,"properties":{"board_tot":"42200","certified_tot":"49586","mailed_tot":"51201","mailed_bldg":"44577","board_land":"6624","certified_land":"6624","year":"2002","township_code":"19","board_bldg":"35576","township_name":"Lemont","class":"208","pin":"22354060100000","mailed_land":"6624","nbhd":"19060","certified_bldg":"42962"}},{"type":"Feature","geometry":null,"properties":{"board_tot":"42200","certified_tot":"42200","mailed_tot":"42200","mailed_bldg":"35576","board_land":"6624","certified_land":"6624","year":"2003","township_code":"19","board_bldg":"35576","township_name":"Lemont","class":"208","pin":"22354060100000","mailed_land":"6624","nbhd":"19060","certified_bldg":"35576"}},{"type":"Feature","geometry":null,"properties":{"board_tot":"42200","certified_tot":"42200","mailed_tot":"42200","mailed_bldg":"35576","board_land":"6624","certified_land":"6624","year":"2004","township_code":"19","board_bldg":"35576","township_name":"Lemont","class":"208","pin":"22354060100000","mailed_land":"6624","nbhd":"19060","certified_bldg":"35576"}},{"type":"Feature","geometry":null,"properties":{"board_tot":"50649","certified_tot":"58007","mailed_tot":"59421","mailed_bldg":"52208","board_land":"7213","certified_land":"7213","year":"2005","township_code":"19","board_bldg":"43436","township_name":"Lemont","class":"208","pin":"22354060100000","mailed_land":"7213","nbhd":"19060","certified_bldg":"50794"}},{"type":"Feature","geometry":null,"properties":{"board_tot":"50649","certified_tot":"50649","mailed_tot":"50649","mailed_bldg":"43436","board_land":"7213","certified_land":"7213","year":"2006","township_code":"19","board_bldg":"43436","township_name":"Lemont","class":"208","pin":"22354060100000","mailed_land":"7213","nbhd":"19060","certified_bldg":"43436"}},{"type":"Feature","geometry":null,"properties":{"board_tot":"50649","certified_tot":"50649","mailed_tot":"50649","mailed_bldg":"43436","board_land":"7213","certified_land":"7213","year":"2007","township_code":"19","board_bldg":"43436","township_name":"Lemont","class":"208","pin":"22354060100000","mailed_land":"7213","nbhd":"19060","certified_bldg":"43436"}},{"type":"Feature","geometry":null,"properties":{"board_tot":"64453","certified_tot":"68753","mailed_tot":"70480","mailed_bldg":"47638","board_land":"22842","certified_land":"22842","year":"2008","township_code":"19","board_bldg":"41611","township_name":"Lemont","class":"208","pin":"22354060100000","mailed_land":"22842","nbhd":"19060","certified_bldg":"45911"}},{"type":"Feature","geometry":null,"properties":{"board_tot":"61230","certified_tot":"61230","mailed_tot":"61230","mailed_bldg":"46954","board_land":"14276","certified_land":"14276","year":"2009","township_code":"19","board_bldg":"46954","township_name":"Lemont","class":"208","pin":"22354060100000","mailed_land":"14276","nbhd":"19060","certified_bldg":"46954"}},{"type":"Feature","geometry":null,"properties":{"board_tot":"61230","certified_tot":"61230","mailed_tot":"61230","mailed_bldg":"46954","board_land":"14276","certified_land":"14276","year":"2010","township_code":"19","board_bldg":"46954","township_name":"Lemont","class":"208","pin":"22354060100000","mailed_land":"14276","nbhd":"19060","certified_bldg":"46954"}},{"type":"Feature","geometry":null,"properties":{"board_tot":"54897","certified_tot":"58011","mailed_tot":"58011","mailed_bldg":"43735","board_land":"14276","certified_land":"14276","year":"2011","township_code":"19","board_bldg":"40621","township_name":"Lemont","class":"208","pin":"22354060100000","mailed_land":"14276","nbhd":"19060","certified_bldg":"43735"}},{"type":"Feature","geometry":null,"properties":{"board_tot":"54897","certified_tot":"54897","mailed_tot":"54897","mailed_bldg":"40621","board_land":"14276","certified_land":"14276","year":"2012","township_code":"19","board_bldg":"40621","township_name":"Lemont","class":"208","pin":"22354060100000","mailed_land":"14276","nbhd":"19060","certified_bldg":"40621"}},{"type":"Feature","geometry":null,"properties":{"board_tot":"54897","certified_tot":"54897","mailed_tot":"54897","mailed_bldg":"40621","board_land":"14276","certified_land":"14276","year":"2013","township_code":"19","board_bldg":"40621","township_name":"Lemont","class":"208","pin":"22354060100000","mailed_land":"14276","nbhd":"19060","certified_bldg":"40621"}},{"type":"Feature","geometry":null,"properties":{"board_tot":"52764","certified_tot":"52764","mailed_tot":"52764","mailed_bldg":"38488","board_land":"14276","certified_land":"14276","year":"2014","township_code":"19","board_bldg":"38488","township_name":"Lemont","class":"208","pin":"22354060100000","mailed_land":"14276","nbhd":"19060","certified_bldg":"38488"}},{"type":"Feature","geometry":null,"properties":{"board_tot":"52764","certified_tot":"52764","mailed_tot":"52764","mailed_bldg":"38488","board_land":"14276","certified_land":"14276","year":"2015","township_code":"19","board_bldg":"38488","township_name":"Lemont","class":"208","pin":"22354060100000","mailed_land":"14276","nbhd":"19060","certified_bldg":"38488"}},{"type":"Feature","geometry":null,"properties":{"board_tot":"52764","certified_tot":"52764","mailed_tot":"52764","mailed_bldg":"38488","board_land":"14276","certified_land":"14276","year":"2016","township_code":"19","board_bldg":"38488","township_name":"Lemont","class":"208","pin":"22354060100000","mailed_land":"14276","nbhd":"19060","certified_bldg":"38488"}},{"type":"Feature","geometry":null,"properties":{"board_tot":"61730","certified_tot":"61730","mailed_tot":"61730","mailed_bldg":"44448","board_land":"17282","certified_land":"17282","year":"2017","township_code":"19","board_bldg":"44448","township_name":"Lemont","class":"208","pin":"22354060100000","mailed_land":"17282","nbhd":"19060","certified_bldg":"44448"}},{"type":"Feature","geometry":null,"properties":{"board_tot":"56460","certified_tot":"61730","mailed_tot":"61730","mailed_bldg":"44448","board_land":"17282","certified_land":"17282","year":"2018","township_code":"19","board_bldg":"39178","township_name":"Lemont","class":"208","pin":"22354060100000","mailed_land":"17282","nbhd":"19060","certified_bldg":"44448"}},{"type":"Feature","geometry":null,"properties":{"board_tot":"56460","certified_tot":"56460","mailed_tot":"56460","mailed_bldg":"39178","board_land":"17282","certified_land":"17282","year":"2019","township_code":"19","board_bldg":"39178","township_name":"Lemont","class":"208","pin":"22354060100000","mailed_land":"17282","nbhd":"19060","certified_bldg":"39178"}},{"type":"Feature","geometry":null,"properties":{"board_tot":"54966","certified_tot":"54966","mailed_tot":"54966","mailed_bldg":"37684","board_land":"17282","certified_land":"17282","year":"2020","township_code":"19","board_bldg":"37684","township_name":"Lemont","class":"208","pin":"22354060100000","mailed_land":"17282","nbhd":"19060","certified_bldg":"37684"}},{"type":"Feature","geometry":null,"properties":{"board_tot":"54966","certified_tot":"54966","mailed_tot":"54966","mailed_bldg":"37684","board_land":"17282","certified_land":"17282","year":"2021","township_code":"19","board_bldg":"37684","township_name":"Lemont","class":"208","pin":"22354060100000","mailed_land":"17282","nbhd":"19060","certified_bldg":"37684"}},{"type":"Feature","geometry":null,"properties":{"board_tot":"54966","certified_tot":"54966","mailed_tot":"54966","mailed_bldg":"37684","board_land":"17282","certified_land":"17282","year":"2022","township_code":"19","board_bldg":"37684","township_name":"Lemont","class":"208","pin":"22354060100000","mailed_land":"17282","nbhd":"19060","certified_bldg":"37684"}},{"type":"Feature","geometry":null,"properties":{"board_tot":"68000","certified_tot":"68000","mailed_tot":"68000","mailed_bldg":"48464","board_land":"19536","certified_land":"19536","year":"2023","township_code":"19","board_bldg":"48464","township_name":"Lemont","class":"208","pin":"22354060100000","mailed_land":"19536","nbhd":"19060","certified_bldg":"48464"}},{"type":"Feature","geometry":null,"properties":{"board_tot":"39562","certified_tot":"39562","mailed_tot":"39562","mailed_bldg":"33092","board_land":"6470","certified_land":"6470","year":"1999","township_code":"19","board_bldg":"33092","township_name":"Lemont","class":"208","pin":"22354060110000","mailed_land":"6470","nbhd":"19060","certified_bldg":"33092"}},{"type":"Feature","geometry":null,"properties":{"board_tot":"39562","certified_tot":"39562","mailed_tot":"39562","mailed_bldg":"33092","board_land":"6470","certified_land":"6470","year":"2000","township_code":"19","board_bldg":"33092","township_name":"Lemont","class":"208","pin":"22354060110000","mailed_land":"6470","nbhd":"19060","certified_bldg":"33092"}},{"type":"Feature","geometry":null,"properties":{"board_tot":"39562","certified_tot":"39562","mailed_tot":"39562","mailed_bldg":"33092","board_land":"6470","certified_land":"6470","year":"2001","township_code":"19","board_bldg":"33092","township_name":"Lemont","class":"208","pin":"22354060110000","mailed_land":"6470","nbhd":"19060","certified_bldg":"33092"}},{"type":"Feature","geometry":null,"properties":{"board_tot":"47312","certified_tot":"47312","mailed_tot":"49864","mailed_bldg":"43394","board_land":"6470","certified_land":"6470","year":"2002","township_code":"19","board_bldg":"40842","township_name":"Lemont","class":"208","pin":"22354060110000","mailed_land":"6470","nbhd":"19060","certified_bldg":"40842"}},{"type":"Feature","geometry":null,"properties":{"board_tot":"47312","certified_tot":"47312","mailed_tot":"47312","mailed_bldg":"40842","board_land":"6470","certified_land":"6470","year":"2003","township_code":"19","board_bldg":"40842","township_name":"Lemont","class":"208","pin":"22354060110000","mailed_land":"6470","nbhd":"19060","certified_bldg":"40842"}},{"type":"Feature","geometry":null,"properties":{"board_tot":"46271","certified_tot":"47312","mailed_tot":"47312","mailed_bldg":"40842","board_land":"6470","certified_land":"6470","year":"2004","township_code":"19","board_bldg":"39801","township_name":"Lemont","class":"208","pin":"22354060110000","mailed_land":"6470","nbhd":"19060","certified_bldg":"40842"}},{"type":"Feature","geometry":null,"properties":{"board_tot":"52686","certified_tot":"58711","mailed_tot":"58711","mailed_bldg":"51665","board_land":"7046","certified_land":"7046","year":"2005","township_code":"19","board_bldg":"45640","township_name":"Lemont","class":"208","pin":"22354060110000","mailed_land":"7046","nbhd":"19060","certified_bldg":"51665"}},{"type":"Feature","geometry":null,"properties":{"board_tot":"52686","certified_tot":"52686","mailed_tot":"52686","mailed_bldg":"45640","board_land":"7046","certified_land":"7046","year":"2006","township_code":"19","board_bldg":"45640","township_name":"Lemont","class":"208","pin":"22354060110000","mailed_land":"7046","nbhd":"19060","certified_bldg":"45640"}},{"type":"Feature","geometry":null,"properties":{"board_tot":"52686","certified_tot":"52686","mailed_tot":"52686","mailed_bldg":"45640","board_land":"7046","certified_land":"7046","year":"2007","township_code":"19","board_bldg":"45640","township_name":"Lemont","class":"208","pin":"22354060110000","mailed_land":"7046","nbhd":"19060","certified_bldg":"45640"}},{"type":"Feature","geometry":null,"properties":{"board_tot":"65561","certified_tot":"67652","mailed_tot":"67652","mailed_bldg":"45340","board_land":"22312","certified_land":"22312","year":"2008","township_code":"19","board_bldg":"43249","township_name":"Lemont","class":"208","pin":"22354060110000","mailed_land":"22312","nbhd":"19060","certified_bldg":"45340"}},{"type":"Feature","geometry":null,"properties":{"board_tot":"58328","certified_tot":"62282","mailed_tot":"62282","mailed_bldg":"48337","board_land":"13945","certified_land":"13945","year":"2009","township_code":"19","board_bldg":"44383","township_name":"Lemont","class":"208","pin":"22354060110000","mailed_land":"13945","nbhd":"19060","certified_bldg":"48337"}},{"type":"Feature","geometry":null,"properties":{"board_tot":"58328","certified_tot":"58328","mailed_tot":"58328","mailed_bldg":"44383","board_land":"13945","certified_land":"13945","year":"2010","township_code":"19","board_bldg":"44383","township_name":"Lemont","class":"208","pin":"22354060110000","mailed_land":"13945","nbhd":"19060","certified_bldg":"44383"}},{"type":"Feature","geometry":null,"properties":{"board_tot":"49104","certified_tot":"54993","mailed_tot":"58559","mailed_bldg":"44614","board_land":"13945","certified_land":"13945","year":"2011","township_code":"19","board_bldg":"35159","township_name":"Lemont","class":"208","pin":"22354060110000","mailed_land":"13945","nbhd":"19060","certified_bldg":"41048"}},{"type":"Feature","geometry":null,"properties":{"board_tot":"49104","certified_tot":"49104","mailed_tot":"49104","mailed_bldg":"35159","board_land":"13945","certified_land":"13945","year":"2012","township_code":"19","board_bldg":"35159","township_name":"Lemont","class":"208","pin":"22354060110000","mailed_land":"13945","nbhd":"19060","certified_bldg":"35159"}},{"type":"Feature","geometry":null,"properties":{"board_tot":"49104","certified_tot":"49104","mailed_tot":"49104","mailed_bldg":"35159","board_land":"13945","certified_land":"13945","year":"2013","township_code":"19","board_bldg":"35159","township_name":"Lemont","class":"208","pin":"22354060110000","mailed_land":"13945","nbhd":"19060","certified_bldg":"35159"}},{"type":"Feature","geometry":null,"properties":{"board_tot":"51121","certified_tot":"51121","mailed_tot":"53589","mailed_bldg":"39644","board_land":"13945","certified_land":"13945","year":"2014","township_code":"19","board_bldg":"37176","township_name":"Lemont","class":"208","pin":"22354060110000","mailed_land":"13945","nbhd":"19060","certified_bldg":"37176"}},{"type":"Feature","geometry":null,"properties":{"board_tot":"49980","certified_tot":"51121","mailed_tot":"51121","mailed_bldg":"37176","board_land":"13945","certified_land":"13945","year":"2015","township_code":"19","board_bldg":"36035","township_name":"Lemont","class":"208","pin":"22354060110000","mailed_land":"13945","nbhd":"19060","certified_bldg":"37176"}},{"type":"Feature","geometry":null,"properties":{"board_tot":"49980","certified_tot":"49980","mailed_tot":"49980","mailed_bldg":"36035","board_land":"13945","certified_land":"13945","year":"2016","township_code":"19","board_bldg":"36035","township_name":"Lemont","class":"208","pin":"22354060110000","mailed_land":"13945","nbhd":"19060","certified_bldg":"36035"}},{"type":"Feature","geometry":null,"properties":{"board_tot":"55891","certified_tot":"55891","mailed_tot":"55891","mailed_bldg":"39010","board_land":"16881","certified_land":"16881","year":"2017","township_code":"19","board_bldg":"39010","township_name":"Lemont","class":"208","pin":"22354060110000","mailed_land":"16881","nbhd":"19060","certified_bldg":"39010"}},{"type":"Feature","geometry":null,"properties":{"board_tot":"45000","certified_tot":"55891","mailed_tot":"55891","mailed_bldg":"39010","board_land":"16881","certified_land":"16881","year":"2018","township_code":"19","board_bldg":"28119","township_name":"Lemont","class":"208","pin":"22354060110000","mailed_land":"16881","nbhd":"19060","certified_bldg":"39010"}},{"type":"Feature","geometry":null,"properties":{"board_tot":"45000","certified_tot":"45000","mailed_tot":"45000","mailed_bldg":"28119","board_land":"16881","certified_land":"16881","year":"2019","township_code":"19","board_bldg":"28119","township_name":"Lemont","class":"208","pin":"22354060110000","mailed_land":"16881","nbhd":"19060","certified_bldg":"28119"}},{"type":"Feature","geometry":null,"properties":{"board_tot":"55329","certified_tot":"55329","mailed_tot":"55329","mailed_bldg":"38448","board_land":"16881","certified_land":"16881","year":"2020","township_code":"19","board_bldg":"38448","township_name":"Lemont","class":"208","pin":"22354060110000","mailed_land":"16881","nbhd":"19060","certified_bldg":"38448"}},{"type":"Feature","geometry":null,"properties":{"board_tot":"55329","certified_tot":"55329","mailed_tot":"55329","mailed_bldg":"38448","board_land":"16881","certified_land":"16881","year":"2021","township_code":"19","board_bldg":"38448","township_name":"Lemont","class":"208","pin":"22354060110000","mailed_land":"16881","nbhd":"19060","certified_bldg":"38448"}},{"type":"Feature","geometry":null,"properties":{"board_tot":"55329","certified_tot":"55329","mailed_tot":"55329","mailed_bldg":"38448","board_land":"16881","certified_land":"16881","year":"2022","township_code":"19","board_bldg":"38448","township_name":"Lemont","class":"208","pin":"22354060110000","mailed_land":"16881","nbhd":"19060","certified_bldg":"38448"}},{"type":"Feature","geometry":null,"properties":{"board_tot":"61872","certified_tot":"66071","mailed_tot":"70000","mailed_bldg":"50917","board_land":"19083","certified_land":"19083","year":"2023","township_code":"19","board_bldg":"42789","township_name":"Lemont","class":"208","pin":"22354060110000","mailed_land":"19083","nbhd":"19060","certified_bldg":"46988"}},{"type":"Feature","geometry":null,"properties":{"board_tot":"121000.0","certified_tot":"121000.0","mailed_tot":"121000.0","mailed_bldg":"71200.0","board_land":"49800.0","certified_land":"49800.0","year":"2024","township_code":"23","board_bldg":"71200.0","township_name":"New Trier","class":"206","pin":"05293020080000","mailed_land":"49800.0","nbhd":"23132","certified_bldg":"71200.0"}},{"type":"Feature","geometry":null,"properties":{"board_tot":"32016","certified_tot":"32016","mailed_tot":"32016","mailed_bldg":"25383","board_land":"6633","certified_land":"6633","year":"1999","township_code":"19","board_bldg":"25383","township_name":"Lemont","class":"204","pin":"22354060120000","mailed_land":"6633","nbhd":"19060","certified_bldg":"25383"}},{"type":"Feature","geometry":null,"properties":{"board_tot":"32016","certified_tot":"32016","mailed_tot":"32016","mailed_bldg":"25383","board_land":"6633","certified_land":"6633","year":"2000","township_code":"19","board_bldg":"25383","township_name":"Lemont","class":"204","pin":"22354060120000","mailed_land":"6633","nbhd":"19060","certified_bldg":"25383"}},{"type":"Feature","geometry":null,"properties":{"board_tot":"32016","certified_tot":"32016","mailed_tot":"32016","mailed_bldg":"25383","board_land":"6633","certified_land":"6633","year":"2001","township_code":"19","board_bldg":"25383","township_name":"Lemont","class":"204","pin":"22354060120000","mailed_land":"6633","nbhd":"19060","certified_bldg":"25383"}},{"type":"Feature","geometry":null,"properties":{"board_tot":"40805","certified_tot":"40805","mailed_tot":"40805","mailed_bldg":"34172","board_land":"6633","certified_land":"6633","year":"2002","township_code":"19","board_bldg":"34172","township_name":"Lemont","class":"204","pin":"22354060120000","mailed_land":"6633","nbhd":"19060","certified_bldg":"34172"}},{"type":"Feature","geometry":null,"properties":{"board_tot":"40805","certified_tot":"40805","mailed_tot":"40805","mailed_bldg":"34172","board_land":"6633","certified_land":"6633","year":"2003","township_code":"19","board_bldg":"34172","township_name":"Lemont","class":"204","pin":"22354060120000","mailed_land":"6633","nbhd":"19060","certified_bldg":"34172"}},{"type":"Feature","geometry":null,"properties":{"board_tot":"40805","certified_tot":"40805","mailed_tot":"40805","mailed_bldg":"34172","board_land":"6633","certified_land":"6633","year":"2004","township_code":"19","board_bldg":"34172","township_name":"Lemont","class":"204","pin":"22354060120000","mailed_land":"6633","nbhd":"19060","certified_bldg":"34172"}},{"type":"Feature","geometry":null,"properties":{"board_tot":"52173","certified_tot":"52173","mailed_tot":"52173","mailed_bldg":"44950","board_land":"7223","certified_land":"7223","year":"2005","township_code":"19","board_bldg":"44950","township_name":"Lemont","class":"204","pin":"22354060120000","mailed_land":"7223","nbhd":"19060","certified_bldg":"44950"}},{"type":"Feature","geometry":null,"properties":{"board_tot":"52173","certified_tot":"52173","mailed_tot":"52173","mailed_bldg":"44950","board_land":"7223","certified_land":"7223","year":"2006","township_code":"19","board_bldg":"44950","township_name":"Lemont","class":"204","pin":"22354060120000","mailed_land":"7223","nbhd":"19060","certified_bldg":"44950"}},{"type":"Feature","geometry":null,"properties":{"board_tot":"52173","certified_tot":"52173","mailed_tot":"52173","mailed_bldg":"44950","board_land":"7223","certified_land":"7223","year":"2007","township_code":"19","board_bldg":"44950","township_name":"Lemont","class":"204","pin":"22354060120000","mailed_land":"7223","nbhd":"19060","certified_bldg":"44950"}},{"type":"Feature","geometry":null,"properties":{"board_tot":"55510","certified_tot":"55510","mailed_tot":"55510","mailed_bldg":"32635","board_land":"22875","certified_land":"22875","year":"2008","township_code":"19","board_bldg":"32635","township_name":"Lemont","class":"204","pin":"22354060120000","mailed_land":"22875","nbhd":"19060","certified_bldg":"32635"}},{"type":"Feature","geometry":null,"properties":{"board_tot":"52734","certified_tot":"52734","mailed_tot":"52734","mailed_bldg":"38437","board_land":"14297","certified_land":"14297","year":"2009","township_code":"19","board_bldg":"38437","township_name":"Lemont","class":"204","pin":"22354060120000","mailed_land":"14297","nbhd":"19060","certified_bldg":"38437"}},{"type":"Feature","geometry":null,"properties":{"board_tot":"52734","certified_tot":"52734","mailed_tot":"52734","mailed_bldg":"38437","board_land":"14297","certified_land":"14297","year":"2010","township_code":"19","board_bldg":"38437","township_name":"Lemont","class":"204","pin":"22354060120000","mailed_land":"14297","nbhd":"19060","certified_bldg":"38437"}},{"type":"Feature","geometry":null,"properties":{"board_tot":"47714","certified_tot":"47714","mailed_tot":"47714","mailed_bldg":"33417","board_land":"14297","certified_land":"14297","year":"2011","township_code":"19","board_bldg":"33417","township_name":"Lemont","class":"204","pin":"22354060120000","mailed_land":"14297","nbhd":"19060","certified_bldg":"33417"}},{"type":"Feature","geometry":null,"properties":{"board_tot":"47714","certified_tot":"47714","mailed_tot":"47714","mailed_bldg":"33417","board_land":"14297","certified_land":"14297","year":"2012","township_code":"19","board_bldg":"33417","township_name":"Lemont","class":"204","pin":"22354060120000","mailed_land":"14297","nbhd":"19060","certified_bldg":"33417"}},{"type":"Feature","geometry":null,"properties":{"board_tot":"47714","certified_tot":"47714","mailed_tot":"47714","mailed_bldg":"33417","board_land":"14297","certified_land":"14297","year":"2013","township_code":"19","board_bldg":"33417","township_name":"Lemont","class":"204","pin":"22354060120000","mailed_land":"14297","nbhd":"19060","certified_bldg":"33417"}},{"type":"Feature","geometry":null,"properties":{"board_tot":"87000.0","certified_tot":"87000.0","mailed_tot":"87000.0","mailed_bldg":"63000.0","board_land":"24000.0","certified_land":"24000.0","year":"2024","township_code":"23","board_bldg":"63000.0","township_name":"New Trier","class":"206","pin":"05293170040000","mailed_land":"24000.0","nbhd":"23132","certified_bldg":"63000.0"}},{"type":"Feature","geometry":null,"properties":{"board_tot":"43599","certified_tot":"43599","mailed_tot":"43599","mailed_bldg":"29302","board_land":"14297","certified_land":"14297","year":"2014","township_code":"19","board_bldg":"29302","township_name":"Lemont","class":"204","pin":"22354060120000","mailed_land":"14297","nbhd":"19060","certified_bldg":"29302"}},{"type":"Feature","geometry":null,"properties":{"board_tot":"43599","certified_tot":"43599","mailed_tot":"43599","mailed_bldg":"29302","board_land":"14297","certified_land":"14297","year":"2015","township_code":"19","board_bldg":"29302","township_name":"Lemont","class":"204","pin":"22354060120000","mailed_land":"14297","nbhd":"19060","certified_bldg":"29302"}},{"type":"Feature","geometry":null,"properties":{"board_tot":"43599","certified_tot":"43599","mailed_tot":"43599","mailed_bldg":"29302","board_land":"14297","certified_land":"14297","year":"2016","township_code":"19","board_bldg":"29302","township_name":"Lemont","class":"204","pin":"22354060120000","mailed_land":"14297","nbhd":"19060","certified_bldg":"29302"}},{"type":"Feature","geometry":null,"properties":{"board_tot":"50283","certified_tot":"50283","mailed_tot":"50283","mailed_bldg":"32977","board_land":"17306","certified_land":"17306","year":"2017","township_code":"19","board_bldg":"32977","township_name":"Lemont","class":"204","pin":"22354060120000","mailed_land":"17306","nbhd":"19060","certified_bldg":"32977"}},{"type":"Feature","geometry":null,"properties":{"board_tot":"50283","certified_tot":"50283","mailed_tot":"50283","mailed_bldg":"32977","board_land":"17306","certified_land":"17306","year":"2018","township_code":"19","board_bldg":"32977","township_name":"Lemont","class":"204","pin":"22354060120000","mailed_land":"17306","nbhd":"19060","certified_bldg":"32977"}},{"type":"Feature","geometry":null,"properties":{"board_tot":"50283","certified_tot":"50283","mailed_tot":"50283","mailed_bldg":"32977","board_land":"17306","certified_land":"17306","year":"2019","township_code":"19","board_bldg":"32977","township_name":"Lemont","class":"204","pin":"22354060120000","mailed_land":"17306","nbhd":"19060","certified_bldg":"32977"}},{"type":"Feature","geometry":null,"properties":{"board_tot":"47620","certified_tot":"47620","mailed_tot":"47620","mailed_bldg":"30314","board_land":"17306","certified_land":"17306","year":"2020","township_code":"19","board_bldg":"30314","township_name":"Lemont","class":"204","pin":"22354060120000","mailed_land":"17306","nbhd":"19060","certified_bldg":"30314"}},{"type":"Feature","geometry":null,"properties":{"board_tot":"47621","certified_tot":"47621","mailed_tot":"47621","mailed_bldg":"30314","board_land":"17307","certified_land":"17307","year":"2021","township_code":"19","board_bldg":"30314","township_name":"Lemont","class":"204","pin":"22354060120000","mailed_land":"17307","nbhd":"19060","certified_bldg":"30314"}},{"type":"Feature","geometry":null,"properties":{"board_tot":"47621","certified_tot":"47621","mailed_tot":"47621","mailed_bldg":"30314","board_land":"17307","certified_land":"17307","year":"2022","township_code":"19","board_bldg":"30314","township_name":"Lemont","class":"204","pin":"22354060120000","mailed_land":"17307","nbhd":"19060","certified_bldg":"30314"}},{"type":"Feature","geometry":null,"properties":{"board_tot":"57000","certified_tot":"57000","mailed_tot":"57000","mailed_bldg":"37436","board_land":"19564","certified_land":"19564","year":"2023","township_code":"19","board_bldg":"37436","township_name":"Lemont","class":"204","pin":"22354060120000","mailed_land":"19564","nbhd":"19060","certified_bldg":"37436"}},{"type":"Feature","geometry":null,"properties":{"board_tot":"30975","certified_tot":"30975","mailed_tot":"30975","mailed_bldg":"24515","board_land":"6460","certified_land":"6460","year":"1999","township_code":"19","board_bldg":"24515","township_name":"Lemont","class":"204","pin":"22354060130000","mailed_land":"6460","nbhd":"19060","certified_bldg":"24515"}},{"type":"Feature","geometry":null,"properties":{"board_tot":"30975","certified_tot":"30975","mailed_tot":"30975","mailed_bldg":"24515","board_land":"6460","certified_land":"6460","year":"2000","township_code":"19","board_bldg":"24515","township_name":"Lemont","class":"204","pin":"22354060130000","mailed_land":"6460","nbhd":"19060","certified_bldg":"24515"}},{"type":"Feature","geometry":null,"properties":{"board_tot":"30975","certified_tot":"30975","mailed_tot":"30975","mailed_bldg":"24515","board_land":"6460","certified_land":"6460","year":"2001","township_code":"19","board_bldg":"24515","township_name":"Lemont","class":"204","pin":"22354060130000","mailed_land":"6460","nbhd":"19060","certified_bldg":"24515"}},{"type":"Feature","geometry":null,"properties":{"board_tot":"39672","certified_tot":"39672","mailed_tot":"39672","mailed_bldg":"33212","board_land":"6460","certified_land":"6460","year":"2002","township_code":"19","board_bldg":"33212","township_name":"Lemont","class":"204","pin":"22354060130000","mailed_land":"6460","nbhd":"19060","certified_bldg":"33212"}},{"type":"Feature","geometry":null,"properties":{"board_tot":"39672","certified_tot":"39672","mailed_tot":"39672","mailed_bldg":"33212","board_land":"6460","certified_land":"6460","year":"2003","township_code":"19","board_bldg":"33212","township_name":"Lemont","class":"204","pin":"22354060130000","mailed_land":"6460","nbhd":"19060","certified_bldg":"33212"}},{"type":"Feature","geometry":null,"properties":{"board_tot":"39672","certified_tot":"39672","mailed_tot":"39672","mailed_bldg":"33212","board_land":"6460","certified_land":"6460","year":"2004","township_code":"19","board_bldg":"33212","township_name":"Lemont","class":"204","pin":"22354060130000","mailed_land":"6460","nbhd":"19060","certified_bldg":"33212"}},{"type":"Feature","geometry":null,"properties":{"board_tot":"51021","certified_tot":"51021","mailed_tot":"51021","mailed_bldg":"43986","board_land":"7035","certified_land":"7035","year":"2005","township_code":"19","board_bldg":"43986","township_name":"Lemont","class":"204","pin":"22354060130000","mailed_land":"7035","nbhd":"19060","certified_bldg":"43986"}},{"type":"Feature","geometry":null,"properties":{"board_tot":"51021","certified_tot":"51021","mailed_tot":"51021","mailed_bldg":"43986","board_land":"7035","certified_land":"7035","year":"2006","township_code":"19","board_bldg":"43986","township_name":"Lemont","class":"204","pin":"22354060130000","mailed_land":"7035","nbhd":"19060","certified_bldg":"43986"}},{"type":"Feature","geometry":null,"properties":{"board_tot":"51021","certified_tot":"51021","mailed_tot":"51021","mailed_bldg":"43986","board_land":"7035","certified_land":"7035","year":"2007","township_code":"19","board_bldg":"43986","township_name":"Lemont","class":"204","pin":"22354060130000","mailed_land":"7035","nbhd":"19060","certified_bldg":"43986"}},{"type":"Feature","geometry":null,"properties":{"board_tot":"54614","certified_tot":"54614","mailed_tot":"54614","mailed_bldg":"32335","board_land":"22279","certified_land":"22279","year":"2008","township_code":"19","board_bldg":"32335","township_name":"Lemont","class":"204","pin":"22354060130000","mailed_land":"22279","nbhd":"19060","certified_bldg":"32335"}},{"type":"Feature","geometry":null,"properties":{"board_tot":"51883","certified_tot":"51883","mailed_tot":"51883","mailed_bldg":"37959","board_land":"13924","certified_land":"13924","year":"2009","township_code":"19","board_bldg":"37959","township_name":"Lemont","class":"204","pin":"22354060130000","mailed_land":"13924","nbhd":"19060","certified_bldg":"37959"}},{"type":"Feature","geometry":null,"properties":{"board_tot":"51883","certified_tot":"51883","mailed_tot":"51883","mailed_bldg":"37959","board_land":"13924","certified_land":"13924","year":"2010","township_code":"19","board_bldg":"37959","township_name":"Lemont","class":"204","pin":"22354060130000","mailed_land":"13924","nbhd":"19060","certified_bldg":"37959"}},{"type":"Feature","geometry":null,"properties":{"board_tot":"46331","certified_tot":"46331","mailed_tot":"46331","mailed_bldg":"32407","board_land":"13924","certified_land":"13924","year":"2011","township_code":"19","board_bldg":"32407","township_name":"Lemont","class":"204","pin":"22354060130000","mailed_land":"13924","nbhd":"19060","certified_bldg":"32407"}},{"type":"Feature","geometry":null,"properties":{"board_tot":"46331","certified_tot":"46331","mailed_tot":"46331","mailed_bldg":"32407","board_land":"13924","certified_land":"13924","year":"2012","township_code":"19","board_bldg":"32407","township_name":"Lemont","class":"204","pin":"22354060130000","mailed_land":"13924","nbhd":"19060","certified_bldg":"32407"}},{"type":"Feature","geometry":null,"properties":{"board_tot":"44476","certified_tot":"44476","mailed_tot":"46331","mailed_bldg":"32407","board_land":"13924","certified_land":"13924","year":"2013","township_code":"19","board_bldg":"30552","township_name":"Lemont","class":"204","pin":"22354060130000","mailed_land":"13924","nbhd":"19060","certified_bldg":"30552"}},{"type":"Feature","geometry":null,"properties":{"board_tot":"39750","certified_tot":"39750","mailed_tot":"43031","mailed_bldg":"29107","board_land":"13924","certified_land":"13924","year":"2014","township_code":"19","board_bldg":"25826","township_name":"Lemont","class":"204","pin":"22354060130000","mailed_land":"13924","nbhd":"19060","certified_bldg":"25826"}},{"type":"Feature","geometry":null,"properties":{"board_tot":"39750","certified_tot":"39750","mailed_tot":"39750","mailed_bldg":"25826","board_land":"13924","certified_land":"13924","year":"2015","township_code":"19","board_bldg":"25826","township_name":"Lemont","class":"204","pin":"22354060130000","mailed_land":"13924","nbhd":"19060","certified_bldg":"25826"}},{"type":"Feature","geometry":null,"properties":{"board_tot":"39750","certified_tot":"39750","mailed_tot":"39750","mailed_bldg":"25826","board_land":"13924","certified_land":"13924","year":"2016","township_code":"19","board_bldg":"25826","township_name":"Lemont","class":"204","pin":"22354060130000","mailed_land":"13924","nbhd":"19060","certified_bldg":"25826"}},{"type":"Feature","geometry":null,"properties":{"board_tot":"45797","certified_tot":"48892","mailed_tot":"48892","mailed_bldg":"32036","board_land":"16856","certified_land":"16856","year":"2017","township_code":"19","board_bldg":"28941","township_name":"Lemont","class":"204","pin":"22354060130000","mailed_land":"16856","nbhd":"19060","certified_bldg":"32036"}},{"type":"Feature","geometry":null,"properties":{"board_tot":"45797","certified_tot":"45797","mailed_tot":"45797","mailed_bldg":"28941","board_land":"16856","certified_land":"16856","year":"2018","township_code":"19","board_bldg":"28941","township_name":"Lemont","class":"204","pin":"22354060130000","mailed_land":"16856","nbhd":"19060","certified_bldg":"28941"}},{"type":"Feature","geometry":null,"properties":{"board_tot":"45797","certified_tot":"45797","mailed_tot":"45797","mailed_bldg":"28941","board_land":"16856","certified_land":"16856","year":"2019","township_code":"19","board_bldg":"28941","township_name":"Lemont","class":"204","pin":"22354060130000","mailed_land":"16856","nbhd":"19060","certified_bldg":"28941"}},{"type":"Feature","geometry":null,"properties":{"board_tot":"43223","certified_tot":"43223","mailed_tot":"43223","mailed_bldg":"26367","board_land":"16856","certified_land":"16856","year":"2020","township_code":"19","board_bldg":"26367","township_name":"Lemont","class":"204","pin":"22354060130000","mailed_land":"16856","nbhd":"19060","certified_bldg":"26367"}},{"type":"Feature","geometry":null,"properties":{"board_tot":"43223","certified_tot":"43223","mailed_tot":"43223","mailed_bldg":"26367","board_land":"16856","certified_land":"16856","year":"2021","township_code":"19","board_bldg":"26367","township_name":"Lemont","class":"204","pin":"22354060130000","mailed_land":"16856","nbhd":"19060","certified_bldg":"26367"}},{"type":"Feature","geometry":null,"properties":{"board_tot":"43223","certified_tot":"43223","mailed_tot":"43223","mailed_bldg":"26367","board_land":"16856","certified_land":"16856","year":"2022","township_code":"19","board_bldg":"26367","township_name":"Lemont","class":"204","pin":"22354060130000","mailed_land":"16856","nbhd":"19060","certified_bldg":"26367"}},{"type":"Feature","geometry":null,"properties":{"board_tot":"55000","certified_tot":"55000","mailed_tot":"55000","mailed_bldg":"35945","board_land":"19055","certified_land":"19055","year":"2023","township_code":"19","board_bldg":"35945","township_name":"Lemont","class":"204","pin":"22354060130000","mailed_land":"19055","nbhd":"19060","certified_bldg":"35945"}},{"type":"Feature","geometry":null,"properties":{"board_tot":"88000.0","certified_tot":"88000.0","mailed_tot":"88000.0","mailed_bldg":"59236.0","board_land":"28764.0","certified_land":"28764.0","year":"2024","township_code":"23","board_bldg":"59236.0","township_name":"New Trier","class":"278","pin":"05293190110000","mailed_land":"28764.0","nbhd":"23132","certified_bldg":"59236.0"}},{"type":"Feature","geometry":null,"properties":{"board_tot":"36522","certified_tot":"36522","mailed_tot":"36522","mailed_bldg":"30052","board_land":"6470","certified_land":"6470","year":"1999","township_code":"19","board_bldg":"30052","township_name":"Lemont","class":"208","pin":"22354060140000","mailed_land":"6470","nbhd":"19060","certified_bldg":"30052"}},{"type":"Feature","geometry":null,"properties":{"board_tot":"36522","certified_tot":"36522","mailed_tot":"36522","mailed_bldg":"30052","board_land":"6470","certified_land":"6470","year":"2000","township_code":"19","board_bldg":"30052","township_name":"Lemont","class":"208","pin":"22354060140000","mailed_land":"6470","nbhd":"19060","certified_bldg":"30052"}},{"type":"Feature","geometry":null,"properties":{"board_tot":"36522","certified_tot":"36522","mailed_tot":"36522","mailed_bldg":"30052","board_land":"6470","certified_land":"6470","year":"2001","township_code":"19","board_bldg":"30052","township_name":"Lemont","class":"208","pin":"22354060140000","mailed_land":"6470","nbhd":"19060","certified_bldg":"30052"}},{"type":"Feature","geometry":null,"properties":{"board_tot":"44282","certified_tot":"44282","mailed_tot":"46476","mailed_bldg":"40006","board_land":"6470","certified_land":"6470","year":"2002","township_code":"19","board_bldg":"37812","township_name":"Lemont","class":"208","pin":"22354060140000","mailed_land":"6470","nbhd":"19060","certified_bldg":"37812"}},{"type":"Feature","geometry":null,"properties":{"board_tot":"44282","certified_tot":"44282","mailed_tot":"44282","mailed_bldg":"37812","board_land":"6470","certified_land":"6470","year":"2003","township_code":"19","board_bldg":"37812","township_name":"Lemont","class":"208","pin":"22354060140000","mailed_land":"6470","nbhd":"19060","certified_bldg":"37812"}},{"type":"Feature","geometry":null,"properties":{"board_tot":"126166.0","certified_tot":"126166.0","mailed_tot":"126166.0","mailed_bldg":"100630.0","board_land":"25536.0","certified_land":"25536.0","year":"2024","township_code":"23","board_bldg":"100630.0","township_name":"New Trier","class":"278","pin":"05294020480000","mailed_land":"25536.0","nbhd":"23092","certified_bldg":"100630.0"}},{"type":"Feature","geometry":null,"properties":{"board_tot":"44282","certified_tot":"44282","mailed_tot":"44282","mailed_bldg":"37812","board_land":"6470","certified_land":"6470","year":"2004","township_code":"19","board_bldg":"37812","township_name":"Lemont","class":"208","pin":"22354060140000","mailed_land":"6470","nbhd":"19060","certified_bldg":"37812"}},{"type":"Feature","geometry":null,"properties":{"board_tot":"52638","certified_tot":"52638","mailed_tot":"52638","mailed_bldg":"45592","board_land":"7046","certified_land":"7046","year":"2005","township_code":"19","board_bldg":"45592","township_name":"Lemont","class":"208","pin":"22354060140000","mailed_land":"7046","nbhd":"19060","certified_bldg":"45592"}},{"type":"Feature","geometry":null,"properties":{"board_tot":"52638","certified_tot":"52638","mailed_tot":"52638","mailed_bldg":"45592","board_land":"7046","certified_land":"7046","year":"2006","township_code":"19","board_bldg":"45592","township_name":"Lemont","class":"208","pin":"22354060140000","mailed_land":"7046","nbhd":"19060","certified_bldg":"45592"}},{"type":"Feature","geometry":null,"properties":{"board_tot":"52638","certified_tot":"52638","mailed_tot":"52638","mailed_bldg":"45592","board_land":"7046","certified_land":"7046","year":"2007","township_code":"19","board_bldg":"45592","township_name":"Lemont","class":"208","pin":"22354060140000","mailed_land":"7046","nbhd":"19060","certified_bldg":"45592"}},{"type":"Feature","geometry":null,"properties":{"board_tot":"64843","certified_tot":"64843","mailed_tot":"64843","mailed_bldg":"42531","board_land":"22312","certified_land":"22312","year":"2008","township_code":"19","board_bldg":"42531","township_name":"Lemont","class":"208","pin":"22354060140000","mailed_land":"22312","nbhd":"19060","certified_bldg":"42531"}},{"type":"Feature","geometry":null,"properties":{"board_tot":"61600","certified_tot":"61600","mailed_tot":"61600","mailed_bldg":"47655","board_land":"13945","certified_land":"13945","year":"2009","township_code":"19","board_bldg":"47655","township_name":"Lemont","class":"208","pin":"22354060140000","mailed_land":"13945","nbhd":"19060","certified_bldg":"47655"}},{"type":"Feature","geometry":null,"properties":{"board_tot":"61600","certified_tot":"61600","mailed_tot":"61600","mailed_bldg":"47655","board_land":"13945","certified_land":"13945","year":"2010","township_code":"19","board_bldg":"47655","township_name":"Lemont","class":"208","pin":"22354060140000","mailed_land":"13945","nbhd":"19060","certified_bldg":"47655"}},{"type":"Feature","geometry":null,"properties":{"board_tot":"52429","certified_tot":"52429","mailed_tot":"53800","mailed_bldg":"39855","board_land":"13945","certified_land":"13945","year":"2011","township_code":"19","board_bldg":"38484","township_name":"Lemont","class":"208","pin":"22354060140000","mailed_land":"13945","nbhd":"19060","certified_bldg":"38484"}},{"type":"Feature","geometry":null,"properties":{"board_tot":"52429","certified_tot":"52429","mailed_tot":"52429","mailed_bldg":"38484","board_land":"13945","certified_land":"13945","year":"2012","township_code":"19","board_bldg":"38484","township_name":"Lemont","class":"208","pin":"22354060140000","mailed_land":"13945","nbhd":"19060","certified_bldg":"38484"}},{"type":"Feature","geometry":null,"properties":{"board_tot":"49330","certified_tot":"52429","mailed_tot":"52429","mailed_bldg":"38484","board_land":"2994","certified_land":"13945","year":"2013","township_code":"19","board_bldg":"46336","township_name":"Lemont","class":"208","pin":"22354060140000","mailed_land":"13945","nbhd":"19060","certified_bldg":"38484"}},{"type":"Feature","geometry":null,"properties":{"board_tot":"48048","certified_tot":"48048","mailed_tot":"48048","mailed_bldg":"34103","board_land":"13945","certified_land":"13945","year":"2014","township_code":"19","board_bldg":"34103","township_name":"Lemont","class":"208","pin":"22354060140000","mailed_land":"13945","nbhd":"19060","certified_bldg":"34103"}},{"type":"Feature","geometry":null,"properties":{"board_tot":"48048","certified_tot":"48048","mailed_tot":"48048","mailed_bldg":"34103","board_land":"13945","certified_land":"13945","year":"2015","township_code":"19","board_bldg":"34103","township_name":"Lemont","class":"208","pin":"22354060140000","mailed_land":"13945","nbhd":"19060","certified_bldg":"34103"}},{"type":"Feature","geometry":null,"properties":{"board_tot":"48048","certified_tot":"48048","mailed_tot":"48048","mailed_bldg":"34103","board_land":"13945","certified_land":"13945","year":"2016","township_code":"19","board_bldg":"34103","township_name":"Lemont","class":"208","pin":"22354060140000","mailed_land":"13945","nbhd":"19060","certified_bldg":"34103"}},{"type":"Feature","geometry":null,"properties":{"board_tot":"53502","certified_tot":"53502","mailed_tot":"53502","mailed_bldg":"36621","board_land":"16881","certified_land":"16881","year":"2017","township_code":"19","board_bldg":"36621","township_name":"Lemont","class":"208","pin":"22354060140000","mailed_land":"16881","nbhd":"19060","certified_bldg":"36621"}},{"type":"Feature","geometry":null,"properties":{"board_tot":"53502","certified_tot":"53502","mailed_tot":"53502","mailed_bldg":"36621","board_land":"16881","certified_land":"16881","year":"2018","township_code":"19","board_bldg":"36621","township_name":"Lemont","class":"208","pin":"22354060140000","mailed_land":"16881","nbhd":"19060","certified_bldg":"36621"}},{"type":"Feature","geometry":null,"properties":{"board_tot":"53502","certified_tot":"53502","mailed_tot":"53502","mailed_bldg":"36621","board_land":"16881","certified_land":"16881","year":"2019","township_code":"19","board_bldg":"36621","township_name":"Lemont","class":"208","pin":"22354060140000","mailed_land":"16881","nbhd":"19060","certified_bldg":"36621"}},{"type":"Feature","geometry":null,"properties":{"board_tot":"52975","certified_tot":"52975","mailed_tot":"52975","mailed_bldg":"36094","board_land":"16881","certified_land":"16881","year":"2020","township_code":"19","board_bldg":"36094","township_name":"Lemont","class":"208","pin":"22354060140000","mailed_land":"16881","nbhd":"19060","certified_bldg":"36094"}},{"type":"Feature","geometry":null,"properties":{"board_tot":"52976","certified_tot":"52976","mailed_tot":"52976","mailed_bldg":"36095","board_land":"16881","certified_land":"16881","year":"2021","township_code":"19","board_bldg":"36095","township_name":"Lemont","class":"208","pin":"22354060140000","mailed_land":"16881","nbhd":"19060","certified_bldg":"36095"}},{"type":"Feature","geometry":null,"properties":{"board_tot":"52976","certified_tot":"52976","mailed_tot":"52976","mailed_bldg":"36095","board_land":"16881","certified_land":"16881","year":"2022","township_code":"19","board_bldg":"36095","township_name":"Lemont","class":"208","pin":"22354060140000","mailed_land":"16881","nbhd":"19060","certified_bldg":"36095"}},{"type":"Feature","geometry":null,"properties":{"board_tot":"59882","certified_tot":"59882","mailed_tot":"64000","mailed_bldg":"44917","board_land":"19083","certified_land":"19083","year":"2023","township_code":"19","board_bldg":"40799","township_name":"Lemont","class":"208","pin":"22354060140000","mailed_land":"19083","nbhd":"19060","certified_bldg":"40799"}},{"type":"Feature","geometry":null,"properties":{"board_tot":"32351","certified_tot":"32351","mailed_tot":"32351","mailed_bldg":"25747","board_land":"6604","certified_land":"6604","year":"1999","township_code":"19","board_bldg":"25747","township_name":"Lemont","class":"204","pin":"22354060150000","mailed_land":"6604","nbhd":"19060","certified_bldg":"25747"}},{"type":"Feature","geometry":null,"properties":{"board_tot":"32351","certified_tot":"32351","mailed_tot":"32351","mailed_bldg":"25747","board_land":"6604","certified_land":"6604","year":"2000","township_code":"19","board_bldg":"25747","township_name":"Lemont","class":"204","pin":"22354060150000","mailed_land":"6604","nbhd":"19060","certified_bldg":"25747"}},{"type":"Feature","geometry":null,"properties":{"board_tot":"32351","certified_tot":"32351","mailed_tot":"32351","mailed_bldg":"25747","board_land":"6604","certified_land":"6604","year":"2001","township_code":"19","board_bldg":"25747","township_name":"Lemont","class":"204","pin":"22354060150000","mailed_land":"6604","nbhd":"19060","certified_bldg":"25747"}},{"type":"Feature","geometry":null,"properties":{"board_tot":"40300","certified_tot":"40300","mailed_tot":"40300","mailed_bldg":"33696","board_land":"6604","certified_land":"6604","year":"2002","township_code":"19","board_bldg":"33696","township_name":"Lemont","class":"204","pin":"22354060150000","mailed_land":"6604","nbhd":"19060","certified_bldg":"33696"}},{"type":"Feature","geometry":null,"properties":{"board_tot":"40300","certified_tot":"40300","mailed_tot":"40300","mailed_bldg":"33696","board_land":"6604","certified_land":"6604","year":"2003","township_code":"19","board_bldg":"33696","township_name":"Lemont","class":"204","pin":"22354060150000","mailed_land":"6604","nbhd":"19060","certified_bldg":"33696"}},{"type":"Feature","geometry":null,"properties":{"board_tot":"40300","certified_tot":"40300","mailed_tot":"40300","mailed_bldg":"33696","board_land":"6604","certified_land":"6604","year":"2004","township_code":"19","board_bldg":"33696","township_name":"Lemont","class":"204","pin":"22354060150000","mailed_land":"6604","nbhd":"19060","certified_bldg":"33696"}},{"type":"Feature","geometry":null,"properties":{"board_tot":"52832","certified_tot":"52832","mailed_tot":"52832","mailed_bldg":"45640","board_land":"7192","certified_land":"7192","year":"2005","township_code":"19","board_bldg":"45640","township_name":"Lemont","class":"204","pin":"22354060150000","mailed_land":"7192","nbhd":"19060","certified_bldg":"45640"}},{"type":"Feature","geometry":null,"properties":{"board_tot":"52832","certified_tot":"52832","mailed_tot":"52832","mailed_bldg":"45640","board_land":"7192","certified_land":"7192","year":"2006","township_code":"19","board_bldg":"45640","township_name":"Lemont","class":"204","pin":"22354060150000","mailed_land":"7192","nbhd":"19060","certified_bldg":"45640"}},{"type":"Feature","geometry":null,"properties":{"board_tot":"52832","certified_tot":"52832","mailed_tot":"52832","mailed_bldg":"45640","board_land":"7192","certified_land":"7192","year":"2007","township_code":"19","board_bldg":"45640","township_name":"Lemont","class":"204","pin":"22354060150000","mailed_land":"7192","nbhd":"19060","certified_bldg":"45640"}},{"type":"Feature","geometry":null,"properties":{"board_tot":"55980","certified_tot":"55980","mailed_tot":"55980","mailed_bldg":"33204","board_land":"22776","certified_land":"22776","year":"2008","township_code":"19","board_bldg":"33204","township_name":"Lemont","class":"204","pin":"22354060150000","mailed_land":"22776","nbhd":"19060","certified_bldg":"33204"}},{"type":"Feature","geometry":null,"properties":{"board_tot":"53180","certified_tot":"53180","mailed_tot":"53180","mailed_bldg":"38945","board_land":"14235","certified_land":"14235","year":"2009","township_code":"19","board_bldg":"38945","township_name":"Lemont","class":"204","pin":"22354060150000","mailed_land":"14235","nbhd":"19060","certified_bldg":"38945"}},{"type":"Feature","geometry":null,"properties":{"board_tot":"53180","certified_tot":"53180","mailed_tot":"53180","mailed_bldg":"38945","board_land":"14235","certified_land":"14235","year":"2010","township_code":"19","board_bldg":"38945","township_name":"Lemont","class":"204","pin":"22354060150000","mailed_land":"14235","nbhd":"19060","certified_bldg":"38945"}},{"type":"Feature","geometry":null,"properties":{"board_tot":"48626","certified_tot":"48626","mailed_tot":"48626","mailed_bldg":"34391","board_land":"14235","certified_land":"14235","year":"2011","township_code":"19","board_bldg":"34391","township_name":"Lemont","class":"204","pin":"22354060150000","mailed_land":"14235","nbhd":"19060","certified_bldg":"34391"}},{"type":"Feature","geometry":null,"properties":{"board_tot":"48626","certified_tot":"48626","mailed_tot":"48626","mailed_bldg":"34391","board_land":"14235","certified_land":"14235","year":"2012","township_code":"19","board_bldg":"34391","township_name":"Lemont","class":"204","pin":"22354060150000","mailed_land":"14235","nbhd":"19060","certified_bldg":"34391"}},{"type":"Feature","geometry":null,"properties":{"board_tot":"47357","certified_tot":"48626","mailed_tot":"48626","mailed_bldg":"34391","board_land":"14235","certified_land":"14235","year":"2013","township_code":"19","board_bldg":"33122","township_name":"Lemont","class":"204","pin":"22354060150000","mailed_land":"14235","nbhd":"19060","certified_bldg":"34391"}},{"type":"Feature","geometry":null,"properties":{"board_tot":"43458","certified_tot":"43458","mailed_tot":"43458","mailed_bldg":"29223","board_land":"14235","certified_land":"14235","year":"2014","township_code":"19","board_bldg":"29223","township_name":"Lemont","class":"204","pin":"22354060150000","mailed_land":"14235","nbhd":"19060","certified_bldg":"29223"}},{"type":"Feature","geometry":null,"properties":{"board_tot":"43458","certified_tot":"43458","mailed_tot":"43458","mailed_bldg":"29223","board_land":"14235","certified_land":"14235","year":"2015","township_code":"19","board_bldg":"29223","township_name":"Lemont","class":"204","pin":"22354060150000","mailed_land":"14235","nbhd":"19060","certified_bldg":"29223"}},{"type":"Feature","geometry":null,"properties":{"board_tot":"43458","certified_tot":"43458","mailed_tot":"43458","mailed_bldg":"29223","board_land":"14235","certified_land":"14235","year":"2016","township_code":"19","board_bldg":"29223","township_name":"Lemont","class":"204","pin":"22354060150000","mailed_land":"14235","nbhd":"19060","certified_bldg":"29223"}},{"type":"Feature","geometry":null,"properties":{"board_tot":"50901","certified_tot":"50901","mailed_tot":"50901","mailed_bldg":"33669","board_land":"17232","certified_land":"17232","year":"2017","township_code":"19","board_bldg":"33669","township_name":"Lemont","class":"204","pin":"22354060150000","mailed_land":"17232","nbhd":"19060","certified_bldg":"33669"}},{"type":"Feature","geometry":null,"properties":{"board_tot":"50901","certified_tot":"50901","mailed_tot":"50901","mailed_bldg":"33669","board_land":"17232","certified_land":"17232","year":"2018","township_code":"19","board_bldg":"33669","township_name":"Lemont","class":"204","pin":"22354060150000","mailed_land":"17232","nbhd":"19060","certified_bldg":"33669"}},{"type":"Feature","geometry":null,"properties":{"board_tot":"50901","certified_tot":"50901","mailed_tot":"50901","mailed_bldg":"33669","board_land":"17232","certified_land":"17232","year":"2019","township_code":"19","board_bldg":"33669","township_name":"Lemont","class":"204","pin":"22354060150000","mailed_land":"17232","nbhd":"19060","certified_bldg":"33669"}},{"type":"Feature","geometry":null,"properties":{"board_tot":"44761","certified_tot":"44761","mailed_tot":"44761","mailed_bldg":"27529","board_land":"17232","certified_land":"17232","year":"2020","township_code":"19","board_bldg":"27529","township_name":"Lemont","class":"204","pin":"22354060150000","mailed_land":"17232","nbhd":"19060","certified_bldg":"27529"}},{"type":"Feature","geometry":null,"properties":{"board_tot":"44762","certified_tot":"44762","mailed_tot":"44762","mailed_bldg":"27530","board_land":"17232","certified_land":"17232","year":"2021","township_code":"19","board_bldg":"27530","township_name":"Lemont","class":"204","pin":"22354060150000","mailed_land":"17232","nbhd":"19060","certified_bldg":"27530"}},{"type":"Feature","geometry":null,"properties":{"board_tot":"44762","certified_tot":"44762","mailed_tot":"44762","mailed_bldg":"27530","board_land":"17232","certified_land":"17232","year":"2022","township_code":"19","board_bldg":"27530","township_name":"Lemont","class":"204","pin":"22354060150000","mailed_land":"17232","nbhd":"19060","certified_bldg":"27530"}},{"type":"Feature","geometry":null,"properties":{"board_tot":"59000","certified_tot":"59000","mailed_tot":"59000","mailed_bldg":"39520","board_land":"19480","certified_land":"19480","year":"2023","township_code":"19","board_bldg":"39520","township_name":"Lemont","class":"204","pin":"22354060150000","mailed_land":"19480","nbhd":"19060","certified_bldg":"39520"}},{"type":"Feature","geometry":null,"properties":{"board_tot":null,"certified_tot":"68000.0","mailed_tot":"68000.0","mailed_bldg":"48520.0","board_land":null,"certified_land":"19480.0","year":"2024","township_code":"19","board_bldg":null,"township_name":"Lemont","class":"208","pin":"22354060160000","mailed_land":"19480.0","nbhd":"19060","certified_bldg":"48520.0"}},{"type":"Feature","geometry":null,"properties":{"board_tot":"37125","certified_tot":"37125","mailed_tot":"37125","mailed_bldg":"30521","board_land":"6604","certified_land":"6604","year":"1999","township_code":"19","board_bldg":"30521","township_name":"Lemont","class":"208","pin":"22354060160000","mailed_land":"6604","nbhd":"19060","certified_bldg":"30521"}},{"type":"Feature","geometry":null,"properties":{"board_tot":"37125","certified_tot":"37125","mailed_tot":"37125","mailed_bldg":"30521","board_land":"6604","certified_land":"6604","year":"2000","township_code":"19","board_bldg":"30521","township_name":"Lemont","class":"208","pin":"22354060160000","mailed_land":"6604","nbhd":"19060","certified_bldg":"30521"}},{"type":"Feature","geometry":null,"properties":{"board_tot":"37125","certified_tot":"37125","mailed_tot":"37125","mailed_bldg":"30521","board_land":"6604","certified_land":"6604","year":"2001","township_code":"19","board_bldg":"30521","township_name":"Lemont","class":"208","pin":"22354060160000","mailed_land":"6604","nbhd":"19060","certified_bldg":"30521"}},{"type":"Feature","geometry":null,"properties":{"board_tot":"46436","certified_tot":"46436","mailed_tot":"46436","mailed_bldg":"39832","board_land":"6604","certified_land":"6604","year":"2002","township_code":"19","board_bldg":"39832","township_name":"Lemont","class":"208","pin":"22354060160000","mailed_land":"6604","nbhd":"19060","certified_bldg":"39832"}},{"type":"Feature","geometry":null,"properties":{"board_tot":"46436","certified_tot":"46436","mailed_tot":"46436","mailed_bldg":"39832","board_land":"6604","certified_land":"6604","year":"2003","township_code":"19","board_bldg":"39832","township_name":"Lemont","class":"208","pin":"22354060160000","mailed_land":"6604","nbhd":"19060","certified_bldg":"39832"}},{"type":"Feature","geometry":null,"properties":{"board_tot":"46436","certified_tot":"46436","mailed_tot":"46436","mailed_bldg":"39832","board_land":"6604","certified_land":"6604","year":"2004","township_code":"19","board_bldg":"39832","township_name":"Lemont","class":"208","pin":"22354060160000","mailed_land":"6604","nbhd":"19060","certified_bldg":"39832"}},{"type":"Feature","geometry":null,"properties":{"board_tot":"54709","certified_tot":"54709","mailed_tot":"54709","mailed_bldg":"47517","board_land":"7192","certified_land":"7192","year":"2005","township_code":"19","board_bldg":"47517","township_name":"Lemont","class":"208","pin":"22354060160000","mailed_land":"7192","nbhd":"19060","certified_bldg":"47517"}},{"type":"Feature","geometry":null,"properties":{"board_tot":"54709","certified_tot":"54709","mailed_tot":"54709","mailed_bldg":"47517","board_land":"7192","certified_land":"7192","year":"2006","township_code":"19","board_bldg":"47517","township_name":"Lemont","class":"208","pin":"22354060160000","mailed_land":"7192","nbhd":"19060","certified_bldg":"47517"}},{"type":"Feature","geometry":null,"properties":{"board_tot":"54709","certified_tot":"54709","mailed_tot":"54709","mailed_bldg":"47517","board_land":"7192","certified_land":"7192","year":"2007","township_code":"19","board_bldg":"47517","township_name":"Lemont","class":"208","pin":"22354060160000","mailed_land":"7192","nbhd":"19060","certified_bldg":"47517"}},{"type":"Feature","geometry":null,"properties":{"board_tot":"62456","certified_tot":"66160","mailed_tot":"66160","mailed_bldg":"43384","board_land":"22776","certified_land":"22776","year":"2008","township_code":"19","board_bldg":"39680","township_name":"Lemont","class":"208","pin":"22354060160000","mailed_land":"22776","nbhd":"19060","certified_bldg":"43384"}},{"type":"Feature","geometry":null,"properties":{"board_tot":"59333","certified_tot":"59333","mailed_tot":"59333","mailed_bldg":"45098","board_land":"14235","certified_land":"14235","year":"2009","township_code":"19","board_bldg":"45098","township_name":"Lemont","class":"208","pin":"22354060160000","mailed_land":"14235","nbhd":"19060","certified_bldg":"45098"}},{"type":"Feature","geometry":null,"properties":{"board_tot":"59333","certified_tot":"59333","mailed_tot":"59333","mailed_bldg":"45098","board_land":"14235","certified_land":"14235","year":"2010","township_code":"19","board_bldg":"45098","township_name":"Lemont","class":"208","pin":"22354060160000","mailed_land":"14235","nbhd":"19060","certified_bldg":"45098"}},{"type":"Feature","geometry":null,"properties":{"board_tot":"54860","certified_tot":"54860","mailed_tot":"57186","mailed_bldg":"42951","board_land":"14235","certified_land":"14235","year":"2011","township_code":"19","board_bldg":"40625","township_name":"Lemont","class":"208","pin":"22354060160000","mailed_land":"14235","nbhd":"19060","certified_bldg":"40625"}},{"type":"Feature","geometry":null,"properties":{"board_tot":"54860","certified_tot":"54860","mailed_tot":"54860","mailed_bldg":"40625","board_land":"14235","certified_land":"14235","year":"2012","township_code":"19","board_bldg":"40625","township_name":"Lemont","class":"208","pin":"22354060160000","mailed_land":"14235","nbhd":"19060","certified_bldg":"40625"}},{"type":"Feature","geometry":null,"properties":{"board_tot":"54860","certified_tot":"54860","mailed_tot":"54860","mailed_bldg":"40625","board_land":"14235","certified_land":"14235","year":"2013","township_code":"19","board_bldg":"40625","township_name":"Lemont","class":"208","pin":"22354060160000","mailed_land":"14235","nbhd":"19060","certified_bldg":"40625"}},{"type":"Feature","geometry":null,"properties":{"board_tot":"52181","certified_tot":"52181","mailed_tot":"52181","mailed_bldg":"37946","board_land":"14235","certified_land":"14235","year":"2014","township_code":"19","board_bldg":"37946","township_name":"Lemont","class":"208","pin":"22354060160000","mailed_land":"14235","nbhd":"19060","certified_bldg":"37946"}},{"type":"Feature","geometry":null,"properties":{"board_tot":"52181","certified_tot":"52181","mailed_tot":"52181","mailed_bldg":"37946","board_land":"14235","certified_land":"14235","year":"2015","township_code":"19","board_bldg":"37946","township_name":"Lemont","class":"208","pin":"22354060160000","mailed_land":"14235","nbhd":"19060","certified_bldg":"37946"}},{"type":"Feature","geometry":null,"properties":{"board_tot":"52181","certified_tot":"52181","mailed_tot":"52181","mailed_bldg":"37946","board_land":"14235","certified_land":"14235","year":"2016","township_code":"19","board_bldg":"37946","township_name":"Lemont","class":"208","pin":"22354060160000","mailed_land":"14235","nbhd":"19060","certified_bldg":"37946"}},{"type":"Feature","geometry":null,"properties":{"board_tot":"53377","certified_tot":"60113","mailed_tot":"62220","mailed_bldg":"44988","board_land":"17232","certified_land":"17232","year":"2017","township_code":"19","board_bldg":"36145","township_name":"Lemont","class":"208","pin":"22354060160000","mailed_land":"17232","nbhd":"19060","certified_bldg":"42881"}},{"type":"Feature","geometry":null,"properties":{"board_tot":"53377","certified_tot":"53377","mailed_tot":"53377","mailed_bldg":"36145","board_land":"17232","certified_land":"17232","year":"2018","township_code":"19","board_bldg":"36145","township_name":"Lemont","class":"208","pin":"22354060160000","mailed_land":"17232","nbhd":"19060","certified_bldg":"36145"}},{"type":"Feature","geometry":null,"properties":{"board_tot":"53377","certified_tot":"53377","mailed_tot":"53377","mailed_bldg":"36145","board_land":"17232","certified_land":"17232","year":"2019","township_code":"19","board_bldg":"36145","township_name":"Lemont","class":"208","pin":"22354060160000","mailed_land":"17232","nbhd":"19060","certified_bldg":"36145"}},{"type":"Feature","geometry":null,"properties":{"board_tot":"54619","certified_tot":"54619","mailed_tot":"54619","mailed_bldg":"37387","board_land":"17232","certified_land":"17232","year":"2020","township_code":"19","board_bldg":"37387","township_name":"Lemont","class":"208","pin":"22354060160000","mailed_land":"17232","nbhd":"19060","certified_bldg":"37387"}},{"type":"Feature","geometry":null,"properties":{"board_tot":"54619","certified_tot":"54619","mailed_tot":"54619","mailed_bldg":"37387","board_land":"17232","certified_land":"17232","year":"2021","township_code":"19","board_bldg":"37387","township_name":"Lemont","class":"208","pin":"22354060160000","mailed_land":"17232","nbhd":"19060","certified_bldg":"37387"}},{"type":"Feature","geometry":null,"properties":{"board_tot":"54619","certified_tot":"54619","mailed_tot":"54619","mailed_bldg":"37387","board_land":"17232","certified_land":"17232","year":"2022","township_code":"19","board_bldg":"37387","township_name":"Lemont","class":"208","pin":"22354060160000","mailed_land":"17232","nbhd":"19060","certified_bldg":"37387"}},{"type":"Feature","geometry":null,"properties":{"board_tot":"68000","certified_tot":"68000","mailed_tot":"68000","mailed_bldg":"48520","board_land":"19480","certified_land":"19480","year":"2023","township_code":"19","board_bldg":"48520","township_name":"Lemont","class":"208","pin":"22354060160000","mailed_land":"19480","nbhd":"19060","certified_bldg":"48520"}},{"type":"Feature","geometry":null,"properties":{"board_tot":"39197","certified_tot":"39197","mailed_tot":"39197","mailed_bldg":"32141","board_land":"7056","certified_land":"7056","year":"1999","township_code":"19","board_bldg":"32141","township_name":"Lemont","class":"208","pin":"22354060170000","mailed_land":"7056","nbhd":"19060","certified_bldg":"32141"}},{"type":"Feature","geometry":null,"properties":{"board_tot":"39197","certified_tot":"39197","mailed_tot":"39197","mailed_bldg":"32141","board_land":"7056","certified_land":"7056","year":"2000","township_code":"19","board_bldg":"32141","township_name":"Lemont","class":"208","pin":"22354060170000","mailed_land":"7056","nbhd":"19060","certified_bldg":"32141"}},{"type":"Feature","geometry":null,"properties":{"board_tot":"33622","certified_tot":"39197","mailed_tot":"39197","mailed_bldg":"32141","board_land":"7056","certified_land":"7056","year":"2001","township_code":"19","board_bldg":"26566","township_name":"Lemont","class":"208","pin":"22354060170000","mailed_land":"7056","nbhd":"19060","certified_bldg":"32141"}},{"type":"Feature","geometry":null,"properties":{"board_tot":"47183","certified_tot":"47183","mailed_tot":"47183","mailed_bldg":"40127","board_land":"7056","certified_land":"7056","year":"2002","township_code":"19","board_bldg":"40127","township_name":"Lemont","class":"208","pin":"22354060170000","mailed_land":"7056","nbhd":"19060","certified_bldg":"40127"}},{"type":"Feature","geometry":null,"properties":{"board_tot":"47183","certified_tot":"47183","mailed_tot":"47183","mailed_bldg":"40127","board_land":"7056","certified_land":"7056","year":"2003","township_code":"19","board_bldg":"40127","township_name":"Lemont","class":"208","pin":"22354060170000","mailed_land":"7056","nbhd":"19060","certified_bldg":"40127"}},{"type":"Feature","geometry":null,"properties":{"board_tot":"46395","certified_tot":"47183","mailed_tot":"47183","mailed_bldg":"40127","board_land":"7056","certified_land":"7056","year":"2004","township_code":"19","board_bldg":"39339","township_name":"Lemont","class":"208","pin":"22354060170000","mailed_land":"7056","nbhd":"19060","certified_bldg":"40127"}},{"type":"Feature","geometry":null,"properties":{"board_tot":"55983","certified_tot":"55983","mailed_tot":"55983","mailed_bldg":"48300","board_land":"7683","certified_land":"7683","year":"2005","township_code":"19","board_bldg":"48300","township_name":"Lemont","class":"208","pin":"22354060170000","mailed_land":"7683","nbhd":"19060","certified_bldg":"48300"}},{"type":"Feature","geometry":null,"properties":{"board_tot":"55983","certified_tot":"55983","mailed_tot":"55983","mailed_bldg":"48300","board_land":"7683","certified_land":"7683","year":"2006","township_code":"19","board_bldg":"48300","township_name":"Lemont","class":"208","pin":"22354060170000","mailed_land":"7683","nbhd":"19060","certified_bldg":"48300"}},{"type":"Feature","geometry":null,"properties":{"board_tot":"55983","certified_tot":"55983","mailed_tot":"55983","mailed_bldg":"48300","board_land":"7683","certified_land":"7683","year":"2007","township_code":"19","board_bldg":"48300","township_name":"Lemont","class":"208","pin":"22354060170000","mailed_land":"7683","nbhd":"19060","certified_bldg":"48300"}},{"type":"Feature","geometry":null,"properties":{"board_tot":"60131","certified_tot":"64044","mailed_tot":"65399","mailed_bldg":"55154","board_land":"10245","certified_land":"10245","year":"2008","township_code":"19","board_bldg":"49886","township_name":"Lemont","class":"208","pin":"22354060170000","mailed_land":"10245","nbhd":"19060","certified_bldg":"53799"}},{"type":"Feature","geometry":null,"properties":{"board_tot":"52235","certified_tot":"57124","mailed_tot":"57124","mailed_bldg":"50721","board_land":"6403","certified_land":"6403","year":"2009","township_code":"19","board_bldg":"45832","township_name":"Lemont","class":"208","pin":"22354060170000","mailed_land":"6403","nbhd":"19060","certified_bldg":"50721"}},{"type":"Feature","geometry":null,"properties":{"board_tot":"49015","certified_tot":"52235","mailed_tot":"52235","mailed_bldg":"45832","board_land":"6403","certified_land":"6403","year":"2010","township_code":"19","board_bldg":"42612","township_name":"Lemont","class":"208","pin":"22354060170000","mailed_land":"6403","nbhd":"19060","certified_bldg":"45832"}},{"type":"Feature","geometry":null,"properties":{"board_tot":"47000","certified_tot":"50946","mailed_tot":"56839","mailed_bldg":"50436","board_land":"6403","certified_land":"6403","year":"2011","township_code":"19","board_bldg":"40597","township_name":"Lemont","class":"208","pin":"22354060170000","mailed_land":"6403","nbhd":"19060","certified_bldg":"44543"}},{"type":"Feature","geometry":null,"properties":{"board_tot":"25000.0","certified_tot":"25000.0","mailed_tot":"25000.0","mailed_bldg":"14440.0","board_land":"10560.0","certified_land":"10560.0","year":"2024","township_code":"23","board_bldg":"14440.0","township_name":"New Trier","class":"234","pin":"05294030300000","mailed_land":"10560.0","nbhd":"23092","certified_bldg":"14440.0"}},{"type":"Feature","geometry":null,"properties":{"board_tot":"47000","certified_tot":"47000","mailed_tot":"47000","mailed_bldg":"40597","board_land":"6403","certified_land":"6403","year":"2012","township_code":"19","board_bldg":"40597","township_name":"Lemont","class":"208","pin":"22354060170000","mailed_land":"6403","nbhd":"19060","certified_bldg":"40597"}},{"type":"Feature","geometry":null,"properties":{"board_tot":"44642","certified_tot":"44642","mailed_tot":"47000","mailed_bldg":"40597","board_land":"6403","certified_land":"6403","year":"2013","township_code":"19","board_bldg":"38239","township_name":"Lemont","class":"208","pin":"22354060170000","mailed_land":"6403","nbhd":"19060","certified_bldg":"38239"}},{"type":"Feature","geometry":null,"properties":{"board_tot":"42576","certified_tot":"50187","mailed_tot":"51663","mailed_bldg":"45260","board_land":"6403","certified_land":"6403","year":"2014","township_code":"19","board_bldg":"36173","township_name":"Lemont","class":"208","pin":"22354060170000","mailed_land":"6403","nbhd":"19060","certified_bldg":"43784"}},{"type":"Feature","geometry":null,"properties":{"board_tot":"42860","certified_tot":"42860","mailed_tot":"47756","mailed_bldg":"41353","board_land":"6403","certified_land":"6403","year":"2015","township_code":"19","board_bldg":"36457","township_name":"Lemont","class":"278","pin":"22354060170000","mailed_land":"6403","nbhd":"19060","certified_bldg":"36457"}},{"type":"Feature","geometry":null,"properties":{"board_tot":"40461","certified_tot":"40461","mailed_tot":"42860","mailed_bldg":"36457","board_land":"6403","certified_land":"6403","year":"2016","township_code":"19","board_bldg":"34058","township_name":"Lemont","class":"278","pin":"22354060170000","mailed_land":"6403","nbhd":"19060","certified_bldg":"34058"}},{"type":"Feature","geometry":null,"properties":{"board_tot":"43752","certified_tot":"43752","mailed_tot":"53369","mailed_bldg":"45365","board_land":"8004","certified_land":"8004","year":"2017","township_code":"19","board_bldg":"35748","township_name":"Lemont","class":"278","pin":"22354060170000","mailed_land":"8004","nbhd":"19060","certified_bldg":"35748"}},{"type":"Feature","geometry":null,"properties":{"board_tot":"42247","certified_tot":"42247","mailed_tot":"43752","mailed_bldg":"35748","board_land":"8004","certified_land":"8004","year":"2018","township_code":"19","board_bldg":"34243","township_name":"Lemont","class":"278","pin":"22354060170000","mailed_land":"8004","nbhd":"19060","certified_bldg":"34243"}},{"type":"Feature","geometry":null,"properties":{"board_tot":"39849","certified_tot":"42247","mailed_tot":"42247","mailed_bldg":"34243","board_land":"8004","certified_land":"8004","year":"2019","township_code":"19","board_bldg":"31845","township_name":"Lemont","class":"278","pin":"22354060170000","mailed_land":"8004","nbhd":"19060","certified_bldg":"34243"}},{"type":"Feature","geometry":null,"properties":{"board_tot":"40513","certified_tot":"46011","mailed_tot":"47204","mailed_bldg":"39200","board_land":"8004","certified_land":"8004","year":"2020","township_code":"19","board_bldg":"32509","township_name":"Lemont","class":"278","pin":"22354060170000","mailed_land":"8004","nbhd":"19060","certified_bldg":"38007"}},{"type":"Feature","geometry":null,"properties":{"board_tot":"38520","certified_tot":"40513","mailed_tot":"40513","mailed_bldg":"32509","board_land":"8004","certified_land":"8004","year":"2021","township_code":"19","board_bldg":"30516","township_name":"Lemont","class":"278","pin":"22354060170000","mailed_land":"8004","nbhd":"19060","certified_bldg":"32509"}},{"type":"Feature","geometry":null,"properties":{"board_tot":"38520","certified_tot":"38520","mailed_tot":"38520","mailed_bldg":"30516","board_land":"8004","certified_land":"8004","year":"2022","township_code":"19","board_bldg":"30516","township_name":"Lemont","class":"278","pin":"22354060170000","mailed_land":"8004","nbhd":"19060","certified_bldg":"30516"}},{"type":"Feature","geometry":null,"properties":{"board_tot":"61511","certified_tot":"66000","mailed_tot":"66000","mailed_bldg":"45190","board_land":"20810","certified_land":"20810","year":"2023","township_code":"19","board_bldg":"40701","township_name":"Lemont","class":"278","pin":"22354060170000","mailed_land":"20810","nbhd":"19060","certified_bldg":"45190"}},{"type":"Feature","geometry":null,"properties":{"board_tot":null,"certified_tot":null,"mailed_tot":null,"mailed_bldg":null,"board_land":null,"certified_land":null,"year":"2025","township_code":"19","board_bldg":null,"township_name":"Lemont","class":"278","pin":"22354060180000","mailed_land":null,"nbhd":"19060","certified_bldg":null}},{"type":"Feature","geometry":null,"properties":{"board_tot":"37647","certified_tot":"37647","mailed_tot":"37647","mailed_bldg":"29881","board_land":"7766","certified_land":"7766","year":"1999","township_code":"19","board_bldg":"29881","township_name":"Lemont","class":"278","pin":"22354060180000","mailed_land":"7766","nbhd":"19060","certified_bldg":"29881"}},{"type":"Feature","geometry":null,"properties":{"board_tot":"37647","certified_tot":"37647","mailed_tot":"37647","mailed_bldg":"29881","board_land":"7766","certified_land":"7766","year":"2000","township_code":"19","board_bldg":"29881","township_name":"Lemont","class":"278","pin":"22354060180000","mailed_land":"7766","nbhd":"19060","certified_bldg":"29881"}},{"type":"Feature","geometry":null,"properties":{"board_tot":"37647","certified_tot":"37647","mailed_tot":"37647","mailed_bldg":"29881","board_land":"7766","certified_land":"7766","year":"2001","township_code":"19","board_bldg":"29881","township_name":"Lemont","class":"278","pin":"22354060180000","mailed_land":"7766","nbhd":"19060","certified_bldg":"29881"}},{"type":"Feature","geometry":null,"properties":{"board_tot":"41999","certified_tot":"47448","mailed_tot":"47448","mailed_bldg":"39682","board_land":"7766","certified_land":"7766","year":"2002","township_code":"19","board_bldg":"34233","township_name":"Lemont","class":"278","pin":"22354060180000","mailed_land":"7766","nbhd":"19060","certified_bldg":"39682"}},{"type":"Feature","geometry":null,"properties":{"board_tot":"41999","certified_tot":"41999","mailed_tot":"41999","mailed_bldg":"34233","board_land":"7766","certified_land":"7766","year":"2003","township_code":"19","board_bldg":"34233","township_name":"Lemont","class":"278","pin":"22354060180000","mailed_land":"7766","nbhd":"19060","certified_bldg":"34233"}},{"type":"Feature","geometry":null,"properties":{"board_tot":"41999","certified_tot":"41999","mailed_tot":"41999","mailed_bldg":"34233","board_land":"7766","certified_land":"7766","year":"2004","township_code":"19","board_bldg":"34233","township_name":"Lemont","class":"278","pin":"22354060180000","mailed_land":"7766","nbhd":"19060","certified_bldg":"34233"}},{"type":"Feature","geometry":null,"properties":{"board_tot":"58554","certified_tot":"58554","mailed_tot":"58554","mailed_bldg":"50097","board_land":"8457","certified_land":"8457","year":"2005","township_code":"19","board_bldg":"50097","township_name":"Lemont","class":"278","pin":"22354060180000","mailed_land":"8457","nbhd":"19060","certified_bldg":"50097"}},{"type":"Feature","geometry":null,"properties":{"board_tot":"58554","certified_tot":"58554","mailed_tot":"58554","mailed_bldg":"50097","board_land":"8457","certified_land":"8457","year":"2006","township_code":"19","board_bldg":"50097","township_name":"Lemont","class":"278","pin":"22354060180000","mailed_land":"8457","nbhd":"19060","certified_bldg":"50097"}},{"type":"Feature","geometry":null,"properties":{"board_tot":"58554","certified_tot":"58554","mailed_tot":"58554","mailed_bldg":"50097","board_land":"8457","certified_land":"8457","year":"2007","township_code":"19","board_bldg":"50097","township_name":"Lemont","class":"278","pin":"22354060180000","mailed_land":"8457","nbhd":"19060","certified_bldg":"50097"}},{"type":"Feature","geometry":null,"properties":{"board_tot":"63652","certified_tot":"63652","mailed_tot":"63652","mailed_bldg":"52376","board_land":"11276","certified_land":"11276","year":"2008","township_code":"19","board_bldg":"52376","township_name":"Lemont","class":"278","pin":"22354060180000","mailed_land":"11276","nbhd":"19060","certified_bldg":"52376"}},{"type":"Feature","geometry":null,"properties":{"board_tot":"60469","certified_tot":"60469","mailed_tot":"60469","mailed_bldg":"53421","board_land":"7048","certified_land":"7048","year":"2009","township_code":"19","board_bldg":"53421","township_name":"Lemont","class":"278","pin":"22354060180000","mailed_land":"7048","nbhd":"19060","certified_bldg":"53421"}},{"type":"Feature","geometry":null,"properties":{"board_tot":"60469","certified_tot":"60469","mailed_tot":"60469","mailed_bldg":"53421","board_land":"7048","certified_land":"7048","year":"2010","township_code":"19","board_bldg":"53421","township_name":"Lemont","class":"278","pin":"22354060180000","mailed_land":"7048","nbhd":"19060","certified_bldg":"53421"}},{"type":"Feature","geometry":null,"properties":{"board_tot":"45241","certified_tot":"53372","mailed_tot":"53372","mailed_bldg":"46324","board_land":"7048","certified_land":"7048","year":"2011","township_code":"19","board_bldg":"38193","township_name":"Lemont","class":"278","pin":"22354060180000","mailed_land":"7048","nbhd":"19060","certified_bldg":"46324"}},{"type":"Feature","geometry":null,"properties":{"board_tot":"45241","certified_tot":"45241","mailed_tot":"45241","mailed_bldg":"38193","board_land":"7048","certified_land":"7048","year":"2012","township_code":"19","board_bldg":"38193","township_name":"Lemont","class":"278","pin":"22354060180000","mailed_land":"7048","nbhd":"19060","certified_bldg":"38193"}},{"type":"Feature","geometry":null,"properties":{"board_tot":"45241","certified_tot":"45241","mailed_tot":"45241","mailed_bldg":"38193","board_land":"7048","certified_land":"7048","year":"2013","township_code":"19","board_bldg":"38193","township_name":"Lemont","class":"278","pin":"22354060180000","mailed_land":"7048","nbhd":"19060","certified_bldg":"38193"}},{"type":"Feature","geometry":null,"properties":{"board_tot":"51925","certified_tot":"51925","mailed_tot":"51925","mailed_bldg":"44877","board_land":"7048","certified_land":"7048","year":"2014","township_code":"19","board_bldg":"44877","township_name":"Lemont","class":"278","pin":"22354060180000","mailed_land":"7048","nbhd":"19060","certified_bldg":"44877"}},{"type":"Feature","geometry":null,"properties":{"board_tot":"51925","certified_tot":"51925","mailed_tot":"51925","mailed_bldg":"44877","board_land":"7048","certified_land":"7048","year":"2015","township_code":"19","board_bldg":"44877","township_name":"Lemont","class":"278","pin":"22354060180000","mailed_land":"7048","nbhd":"19060","certified_bldg":"44877"}},{"type":"Feature","geometry":null,"properties":{"board_tot":"51925","certified_tot":"51925","mailed_tot":"51925","mailed_bldg":"44877","board_land":"7048","certified_land":"7048","year":"2016","township_code":"19","board_bldg":"44877","township_name":"Lemont","class":"278","pin":"22354060180000","mailed_land":"7048","nbhd":"19060","certified_bldg":"44877"}},{"type":"Feature","geometry":null,"properties":{"board_tot":"55026","certified_tot":"55026","mailed_tot":"55026","mailed_bldg":"46216","board_land":"8810","certified_land":"8810","year":"2017","township_code":"19","board_bldg":"46216","township_name":"Lemont","class":"278","pin":"22354060180000","mailed_land":"8810","nbhd":"19060","certified_bldg":"46216"}},{"type":"Feature","geometry":null,"properties":{"board_tot":"55026","certified_tot":"55026","mailed_tot":"55026","mailed_bldg":"46216","board_land":"8810","certified_land":"8810","year":"2018","township_code":"19","board_bldg":"46216","township_name":"Lemont","class":"278","pin":"22354060180000","mailed_land":"8810","nbhd":"19060","certified_bldg":"46216"}},{"type":"Feature","geometry":null,"properties":{"board_tot":"42361","certified_tot":"45380","mailed_tot":"55026","mailed_bldg":"46216","board_land":"8810","certified_land":"8810","year":"2019","township_code":"19","board_bldg":"33551","township_name":"Lemont","class":"278","pin":"22354060180000","mailed_land":"8810","nbhd":"19060","certified_bldg":"36570"}},{"type":"Feature","geometry":null,"properties":{"board_tot":"48564","certified_tot":"48564","mailed_tot":"48564","mailed_bldg":"39754","board_land":"8810","certified_land":"8810","year":"2020","township_code":"19","board_bldg":"39754","township_name":"Lemont","class":"278","pin":"22354060180000","mailed_land":"8810","nbhd":"19060","certified_bldg":"39754"}},{"type":"Feature","geometry":null,"properties":{"board_tot":"48564","certified_tot":"48564","mailed_tot":"48564","mailed_bldg":"39754","board_land":"8810","certified_land":"8810","year":"2021","township_code":"19","board_bldg":"39754","township_name":"Lemont","class":"278","pin":"22354060180000","mailed_land":"8810","nbhd":"19060","certified_bldg":"39754"}},{"type":"Feature","geometry":null,"properties":{"board_tot":"48564","certified_tot":"48564","mailed_tot":"48564","mailed_bldg":"39754","board_land":"8810","certified_land":"8810","year":"2022","township_code":"19","board_bldg":"39754","township_name":"Lemont","class":"278","pin":"22354060180000","mailed_land":"8810","nbhd":"19060","certified_bldg":"39754"}},{"type":"Feature","geometry":null,"properties":{"board_tot":"64000","certified_tot":"64000","mailed_tot":"64000","mailed_bldg":"41094","board_land":"22906","certified_land":"22906","year":"2023","township_code":"19","board_bldg":"41094","township_name":"Lemont","class":"278","pin":"22354060180000","mailed_land":"22906","nbhd":"19060","certified_bldg":"41094"}},{"type":"Feature","geometry":null,"properties":{"board_tot":"33405","certified_tot":"33405","mailed_tot":"33405","mailed_bldg":"25130","board_land":"8275","certified_land":"8275","year":"1999","township_code":"19","board_bldg":"25130","township_name":"Lemont","class":"204","pin":"22354060190000","mailed_land":"8275","nbhd":"19060","certified_bldg":"25130"}},{"type":"Feature","geometry":null,"properties":{"board_tot":"33405","certified_tot":"33405","mailed_tot":"33405","mailed_bldg":"25130","board_land":"8275","certified_land":"8275","year":"2000","township_code":"19","board_bldg":"25130","township_name":"Lemont","class":"204","pin":"22354060190000","mailed_land":"8275","nbhd":"19060","certified_bldg":"25130"}},{"type":"Feature","geometry":null,"properties":{"board_tot":"33405","certified_tot":"33405","mailed_tot":"33405","mailed_bldg":"25130","board_land":"8275","certified_land":"8275","year":"2001","township_code":"19","board_bldg":"25130","township_name":"Lemont","class":"204","pin":"22354060190000","mailed_land":"8275","nbhd":"19060","certified_bldg":"25130"}},{"type":"Feature","geometry":null,"properties":{"board_tot":"41081","certified_tot":"41081","mailed_tot":"41081","mailed_bldg":"32806","board_land":"8275","certified_land":"8275","year":"2002","township_code":"19","board_bldg":"32806","township_name":"Lemont","class":"204","pin":"22354060190000","mailed_land":"8275","nbhd":"19060","certified_bldg":"32806"}},{"type":"Feature","geometry":null,"properties":{"board_tot":"41081","certified_tot":"41081","mailed_tot":"41081","mailed_bldg":"32806","board_land":"8275","certified_land":"8275","year":"2003","township_code":"19","board_bldg":"32806","township_name":"Lemont","class":"204","pin":"22354060190000","mailed_land":"8275","nbhd":"19060","certified_bldg":"32806"}},{"type":"Feature","geometry":null,"properties":{"board_tot":"41081","certified_tot":"41081","mailed_tot":"41081","mailed_bldg":"32806","board_land":"8275","certified_land":"8275","year":"2004","township_code":"19","board_bldg":"32806","township_name":"Lemont","class":"204","pin":"22354060190000","mailed_land":"8275","nbhd":"19060","certified_bldg":"32806"}},{"type":"Feature","geometry":null,"properties":{"board_tot":"53787","certified_tot":"53787","mailed_tot":"53787","mailed_bldg":"44776","board_land":"9011","certified_land":"9011","year":"2005","township_code":"19","board_bldg":"44776","township_name":"Lemont","class":"204","pin":"22354060190000","mailed_land":"9011","nbhd":"19060","certified_bldg":"44776"}},{"type":"Feature","geometry":null,"properties":{"board_tot":"53787","certified_tot":"53787","mailed_tot":"53787","mailed_bldg":"44776","board_land":"9011","certified_land":"9011","year":"2006","township_code":"19","board_bldg":"44776","township_name":"Lemont","class":"204","pin":"22354060190000","mailed_land":"9011","nbhd":"19060","certified_bldg":"44776"}},{"type":"Feature","geometry":null,"properties":{"board_tot":"53787","certified_tot":"53787","mailed_tot":"53787","mailed_bldg":"44776","board_land":"9011","certified_land":"9011","year":"2007","township_code":"19","board_bldg":"44776","township_name":"Lemont","class":"204","pin":"22354060190000","mailed_land":"9011","nbhd":"19060","certified_bldg":"44776"}},{"type":"Feature","geometry":null,"properties":{"board_tot":"56782","certified_tot":"56782","mailed_tot":"56782","mailed_bldg":"44767","board_land":"12015","certified_land":"12015","year":"2008","township_code":"19","board_bldg":"44767","township_name":"Lemont","class":"204","pin":"22354060190000","mailed_land":"12015","nbhd":"19060","certified_bldg":"44767"}},{"type":"Feature","geometry":null,"properties":{"board_tot":"53943","certified_tot":"53943","mailed_tot":"53943","mailed_bldg":"46434","board_land":"7509","certified_land":"7509","year":"2009","township_code":"19","board_bldg":"46434","township_name":"Lemont","class":"204","pin":"22354060190000","mailed_land":"7509","nbhd":"19060","certified_bldg":"46434"}},{"type":"Feature","geometry":null,"properties":{"board_tot":"53943","certified_tot":"53943","mailed_tot":"53943","mailed_bldg":"46434","board_land":"7509","certified_land":"7509","year":"2010","township_code":"19","board_bldg":"46434","township_name":"Lemont","class":"204","pin":"22354060190000","mailed_land":"7509","nbhd":"19060","certified_bldg":"46434"}},{"type":"Feature","geometry":null,"properties":{"board_tot":"49066","certified_tot":"49066","mailed_tot":"49066","mailed_bldg":"41557","board_land":"7509","certified_land":"7509","year":"2011","township_code":"19","board_bldg":"41557","township_name":"Lemont","class":"204","pin":"22354060190000","mailed_land":"7509","nbhd":"19060","certified_bldg":"41557"}},{"type":"Feature","geometry":null,"properties":{"board_tot":"49066","certified_tot":"49066","mailed_tot":"49066","mailed_bldg":"41557","board_land":"7509","certified_land":"7509","year":"2012","township_code":"19","board_bldg":"41557","township_name":"Lemont","class":"204","pin":"22354060190000","mailed_land":"7509","nbhd":"19060","certified_bldg":"41557"}},{"type":"Feature","geometry":null,"properties":{"board_tot":"49066","certified_tot":"49066","mailed_tot":"49066","mailed_bldg":"41557","board_land":"7509","certified_land":"7509","year":"2013","township_code":"19","board_bldg":"41557","township_name":"Lemont","class":"204","pin":"22354060190000","mailed_land":"7509","nbhd":"19060","certified_bldg":"41557"}},{"type":"Feature","geometry":null,"properties":{"board_tot":"43868","certified_tot":"43868","mailed_tot":"43868","mailed_bldg":"36359","board_land":"7509","certified_land":"7509","year":"2014","township_code":"19","board_bldg":"36359","township_name":"Lemont","class":"204","pin":"22354060190000","mailed_land":"7509","nbhd":"19060","certified_bldg":"36359"}},{"type":"Feature","geometry":null,"properties":{"board_tot":"43868","certified_tot":"43868","mailed_tot":"43868","mailed_bldg":"36359","board_land":"7509","certified_land":"7509","year":"2015","township_code":"19","board_bldg":"36359","township_name":"Lemont","class":"204","pin":"22354060190000","mailed_land":"7509","nbhd":"19060","certified_bldg":"36359"}},{"type":"Feature","geometry":null,"properties":{"board_tot":"43868","certified_tot":"43868","mailed_tot":"43868","mailed_bldg":"36359","board_land":"7509","certified_land":"7509","year":"2016","township_code":"19","board_bldg":"36359","township_name":"Lemont","class":"204","pin":"22354060190000","mailed_land":"7509","nbhd":"19060","certified_bldg":"36359"}},{"type":"Feature","geometry":null,"properties":{"board_tot":"52222","certified_tot":"52222","mailed_tot":"52222","mailed_bldg":"42835","board_land":"9387","certified_land":"9387","year":"2017","township_code":"19","board_bldg":"42835","township_name":"Lemont","class":"204","pin":"22354060190000","mailed_land":"9387","nbhd":"19060","certified_bldg":"42835"}},{"type":"Feature","geometry":null,"properties":{"board_tot":"41038","certified_tot":"52222","mailed_tot":"52222","mailed_bldg":"42835","board_land":"9387","certified_land":"9387","year":"2018","township_code":"19","board_bldg":"31651","township_name":"Lemont","class":"204","pin":"22354060190000","mailed_land":"9387","nbhd":"19060","certified_bldg":"42835"}},{"type":"Feature","geometry":null,"properties":{"board_tot":"41038","certified_tot":"41038","mailed_tot":"41038","mailed_bldg":"31651","board_land":"9387","certified_land":"9387","year":"2019","township_code":"19","board_bldg":"31651","township_name":"Lemont","class":"204","pin":"22354060190000","mailed_land":"9387","nbhd":"19060","certified_bldg":"31651"}},{"type":"Feature","geometry":null,"properties":{"board_tot":"43012","certified_tot":"43012","mailed_tot":"43012","mailed_bldg":"33625","board_land":"9387","certified_land":"9387","year":"2020","township_code":"19","board_bldg":"33625","township_name":"Lemont","class":"204","pin":"22354060190000","mailed_land":"9387","nbhd":"19060","certified_bldg":"33625"}},{"type":"Feature","geometry":null,"properties":{"board_tot":"43012","certified_tot":"43012","mailed_tot":"43012","mailed_bldg":"33625","board_land":"9387","certified_land":"9387","year":"2021","township_code":"19","board_bldg":"33625","township_name":"Lemont","class":"204","pin":"22354060190000","mailed_land":"9387","nbhd":"19060","certified_bldg":"33625"}},{"type":"Feature","geometry":null,"properties":{"board_tot":"43012","certified_tot":"43012","mailed_tot":"43012","mailed_bldg":"33625","board_land":"9387","certified_land":"9387","year":"2022","township_code":"19","board_bldg":"33625","township_name":"Lemont","class":"204","pin":"22354060190000","mailed_land":"9387","nbhd":"19060","certified_bldg":"33625"}},{"type":"Feature","geometry":null,"properties":{"board_tot":"57000","certified_tot":"57000","mailed_tot":"57000","mailed_bldg":"32594","board_land":"24406","certified_land":"24406","year":"2023","township_code":"19","board_bldg":"32594","township_name":"Lemont","class":"204","pin":"22354060190000","mailed_land":"24406","nbhd":"19060","certified_bldg":"32594"}},{"type":"Feature","geometry":null,"properties":{"board_tot":"37998","certified_tot":"37998","mailed_tot":"37998","mailed_bldg":"30990","board_land":"7008","certified_land":"7008","year":"1999","township_code":"19","board_bldg":"30990","township_name":"Lemont","class":"208","pin":"22354060200000","mailed_land":"7008","nbhd":"19060","certified_bldg":"30990"}},{"type":"Feature","geometry":null,"properties":{"board_tot":"37998","certified_tot":"37998","mailed_tot":"37998","mailed_bldg":"30990","board_land":"7008","certified_land":"7008","year":"2000","township_code":"19","board_bldg":"30990","township_name":"Lemont","class":"208","pin":"22354060200000","mailed_land":"7008","nbhd":"19060","certified_bldg":"30990"}},{"type":"Feature","geometry":null,"properties":{"board_tot":"37998","certified_tot":"37998","mailed_tot":"37998","mailed_bldg":"30990","board_land":"7008","certified_land":"7008","year":"2001","township_code":"19","board_bldg":"30990","township_name":"Lemont","class":"208","pin":"22354060200000","mailed_land":"7008","nbhd":"19060","certified_bldg":"30990"}},{"type":"Feature","geometry":null,"properties":{"board_tot":"47771","certified_tot":"47771","mailed_tot":"47771","mailed_bldg":"40763","board_land":"7008","certified_land":"7008","year":"2002","township_code":"19","board_bldg":"40763","township_name":"Lemont","class":"208","pin":"22354060200000","mailed_land":"7008","nbhd":"19060","certified_bldg":"40763"}},{"type":"Feature","geometry":null,"properties":{"board_tot":"47771","certified_tot":"47771","mailed_tot":"47771","mailed_bldg":"40763","board_land":"7008","certified_land":"7008","year":"2003","township_code":"19","board_bldg":"40763","township_name":"Lemont","class":"208","pin":"22354060200000","mailed_land":"7008","nbhd":"19060","certified_bldg":"40763"}},{"type":"Feature","geometry":null,"properties":{"board_tot":"47771","certified_tot":"47771","mailed_tot":"47771","mailed_bldg":"40763","board_land":"7008","certified_land":"7008","year":"2004","township_code":"19","board_bldg":"40763","township_name":"Lemont","class":"208","pin":"22354060200000","mailed_land":"7008","nbhd":"19060","certified_bldg":"40763"}},{"type":"Feature","geometry":null,"properties":{"board_tot":"55058","certified_tot":"55058","mailed_tot":"55058","mailed_bldg":"47427","board_land":"7631","certified_land":"7631","year":"2005","township_code":"19","board_bldg":"47427","township_name":"Lemont","class":"208","pin":"22354060200000","mailed_land":"7631","nbhd":"19060","certified_bldg":"47427"}},{"type":"Feature","geometry":null,"properties":{"board_tot":"55058","certified_tot":"55058","mailed_tot":"55058","mailed_bldg":"47427","board_land":"7631","certified_land":"7631","year":"2006","township_code":"19","board_bldg":"47427","township_name":"Lemont","class":"208","pin":"22354060200000","mailed_land":"7631","nbhd":"19060","certified_bldg":"47427"}},{"type":"Feature","geometry":null,"properties":{"board_tot":"55058","certified_tot":"55058","mailed_tot":"55058","mailed_bldg":"47427","board_land":"7631","certified_land":"7631","year":"2007","township_code":"19","board_bldg":"47427","township_name":"Lemont","class":"208","pin":"22354060200000","mailed_land":"7631","nbhd":"19060","certified_bldg":"47427"}},{"type":"Feature","geometry":null,"properties":{"board_tot":"64143","certified_tot":"64143","mailed_tot":"66983","mailed_bldg":"56808","board_land":"10175","certified_land":"10175","year":"2008","township_code":"19","board_bldg":"53968","township_name":"Lemont","class":"208","pin":"22354060200000","mailed_land":"10175","nbhd":"19060","certified_bldg":"53968"}},{"type":"Feature","geometry":null,"properties":{"board_tot":"60935","certified_tot":"60935","mailed_tot":"60935","mailed_bldg":"54576","board_land":"6359","certified_land":"6359","year":"2009","township_code":"19","board_bldg":"54576","township_name":"Lemont","class":"208","pin":"22354060200000","mailed_land":"6359","nbhd":"19060","certified_bldg":"54576"}},{"type":"Feature","geometry":null,"properties":{"board_tot":"60935","certified_tot":"60935","mailed_tot":"60935","mailed_bldg":"54576","board_land":"6359","certified_land":"6359","year":"2010","township_code":"19","board_bldg":"54576","township_name":"Lemont","class":"208","pin":"22354060200000","mailed_land":"6359","nbhd":"19060","certified_bldg":"54576"}},{"type":"Feature","geometry":null,"properties":{"board_tot":"47146","certified_tot":"58111","mailed_tot":"58111","mailed_bldg":"51752","board_land":"6359","certified_land":"6359","year":"2011","township_code":"19","board_bldg":"40787","township_name":"Lemont","class":"208","pin":"22354060200000","mailed_land":"6359","nbhd":"19060","certified_bldg":"51752"}},{"type":"Feature","geometry":null,"properties":{"board_tot":"47146","certified_tot":"47146","mailed_tot":"47146","mailed_bldg":"40787","board_land":"6359","certified_land":"6359","year":"2012","township_code":"19","board_bldg":"40787","township_name":"Lemont","class":"208","pin":"22354060200000","mailed_land":"6359","nbhd":"19060","certified_bldg":"40787"}},{"type":"Feature","geometry":null,"properties":{"board_tot":"47146","certified_tot":"47146","mailed_tot":"47146","mailed_bldg":"40787","board_land":"6359","certified_land":"6359","year":"2013","township_code":"19","board_bldg":"40787","township_name":"Lemont","class":"208","pin":"22354060200000","mailed_land":"6359","nbhd":"19060","certified_bldg":"40787"}},{"type":"Feature","geometry":null,"properties":{"board_tot":"48067","certified_tot":"48067","mailed_tot":"51775","mailed_bldg":"45416","board_land":"6359","certified_land":"6359","year":"2014","township_code":"19","board_bldg":"41708","township_name":"Lemont","class":"208","pin":"22354060200000","mailed_land":"6359","nbhd":"19060","certified_bldg":"41708"}},{"type":"Feature","geometry":null,"properties":{"board_tot":"44450","certified_tot":"44450","mailed_tot":"48067","mailed_bldg":"41708","board_land":"6359","certified_land":"6359","year":"2015","township_code":"19","board_bldg":"38091","township_name":"Lemont","class":"208","pin":"22354060200000","mailed_land":"6359","nbhd":"19060","certified_bldg":"38091"}},{"type":"Feature","geometry":null,"properties":{"board_tot":"41245","certified_tot":"41245","mailed_tot":"44450","mailed_bldg":"38091","board_land":"6359","certified_land":"6359","year":"2016","township_code":"19","board_bldg":"34886","township_name":"Lemont","class":"208","pin":"22354060200000","mailed_land":"6359","nbhd":"19060","certified_bldg":"34886"}},{"type":"Feature","geometry":null,"properties":{"board_tot":"60660","certified_tot":"60660","mailed_tot":"60660","mailed_bldg":"52711","board_land":"7949","certified_land":"7949","year":"2017","township_code":"19","board_bldg":"52711","township_name":"Lemont","class":"208","pin":"22354060200000","mailed_land":"7949","nbhd":"19060","certified_bldg":"52711"}},{"type":"Feature","geometry":null,"properties":{"board_tot":"60660","certified_tot":"60660","mailed_tot":"60660","mailed_bldg":"52711","board_land":"7949","certified_land":"7949","year":"2018","township_code":"19","board_bldg":"52711","township_name":"Lemont","class":"208","pin":"22354060200000","mailed_land":"7949","nbhd":"19060","certified_bldg":"52711"}},{"type":"Feature","geometry":null,"properties":{"board_tot":"47779","certified_tot":"47779","mailed_tot":"60660","mailed_bldg":"52711","board_land":"7949","certified_land":"7949","year":"2019","township_code":"19","board_bldg":"39830","township_name":"Lemont","class":"208","pin":"22354060200000","mailed_land":"7949","nbhd":"19060","certified_bldg":"39830"}},{"type":"Feature","geometry":null,"properties":{"board_tot":"46818","certified_tot":"46818","mailed_tot":"54799","mailed_bldg":"46850","board_land":"7949","certified_land":"7949","year":"2020","township_code":"19","board_bldg":"38869","township_name":"Lemont","class":"208","pin":"22354060200000","mailed_land":"7949","nbhd":"19060","certified_bldg":"38869"}},{"type":"Feature","geometry":null,"properties":{"board_tot":"46820","certified_tot":"46820","mailed_tot":"46820","mailed_bldg":"38870","board_land":"7950","certified_land":"7950","year":"2021","township_code":"19","board_bldg":"38870","township_name":"Lemont","class":"208","pin":"22354060200000","mailed_land":"7950","nbhd":"19060","certified_bldg":"38870"}},{"type":"Feature","geometry":null,"properties":{"board_tot":"46820","certified_tot":"46820","mailed_tot":"46820","mailed_bldg":"38870","board_land":"7950","certified_land":"7950","year":"2022","township_code":"19","board_bldg":"38870","township_name":"Lemont","class":"208","pin":"22354060200000","mailed_land":"7950","nbhd":"19060","certified_bldg":"38870"}},{"type":"Feature","geometry":null,"properties":{"board_tot":"66000","certified_tot":"66000","mailed_tot":"66000","mailed_bldg":"45331","board_land":"20669","certified_land":"20669","year":"2023","township_code":"19","board_bldg":"45331","township_name":"Lemont","class":"208","pin":"22354060200000","mailed_land":"20669","nbhd":"19060","certified_bldg":"45331"}},{"type":"Feature","geometry":null,"properties":{"board_tot":"51548","certified_tot":"51548","mailed_tot":"51548","mailed_bldg":"44525","board_land":"7023","certified_land":"7023","year":"2005","township_code":"19","board_bldg":"44525","township_name":"Lemont","class":"278","pin":"22354060210000","mailed_land":"7023","nbhd":"19060","certified_bldg":"44525"}},{"type":"Feature","geometry":null,"properties":{"board_tot":"51548","certified_tot":"51548","mailed_tot":"51548","mailed_bldg":"44525","board_land":"7023","certified_land":"7023","year":"2006","township_code":"19","board_bldg":"44525","township_name":"Lemont","class":"278","pin":"22354060210000","mailed_land":"7023","nbhd":"19060","certified_bldg":"44525"}},{"type":"Feature","geometry":null,"properties":{"board_tot":"51548","certified_tot":"51548","mailed_tot":"51548","mailed_bldg":"44525","board_land":"7023","certified_land":"7023","year":"2007","township_code":"19","board_bldg":"44525","township_name":"Lemont","class":"278","pin":"22354060210000","mailed_land":"7023","nbhd":"19060","certified_bldg":"44525"}},{"type":"Feature","geometry":null,"properties":{"board_tot":"63151","certified_tot":"63151","mailed_tot":"63151","mailed_bldg":"40910","board_land":"22241","certified_land":"22241","year":"2008","township_code":"19","board_bldg":"40910","township_name":"Lemont","class":"278","pin":"22354060210000","mailed_land":"22241","nbhd":"19060","certified_bldg":"40910"}},{"type":"Feature","geometry":null,"properties":{"board_tot":"59994","certified_tot":"59994","mailed_tot":"59994","mailed_bldg":"46094","board_land":"13900","certified_land":"13900","year":"2009","township_code":"19","board_bldg":"46094","township_name":"Lemont","class":"278","pin":"22354060210000","mailed_land":"13900","nbhd":"19060","certified_bldg":"46094"}},{"type":"Feature","geometry":null,"properties":{"board_tot":"59994","certified_tot":"59994","mailed_tot":"59994","mailed_bldg":"46094","board_land":"13900","certified_land":"13900","year":"2010","township_code":"19","board_bldg":"46094","township_name":"Lemont","class":"278","pin":"22354060210000","mailed_land":"13900","nbhd":"19060","certified_bldg":"46094"}},{"type":"Feature","geometry":null,"properties":{"board_tot":"53488","certified_tot":"53488","mailed_tot":"53488","mailed_bldg":"39588","board_land":"13900","certified_land":"13900","year":"2011","township_code":"19","board_bldg":"39588","township_name":"Lemont","class":"278","pin":"22354060210000","mailed_land":"13900","nbhd":"19060","certified_bldg":"39588"}},{"type":"Feature","geometry":null,"properties":{"board_tot":"53488","certified_tot":"53488","mailed_tot":"53488","mailed_bldg":"39588","board_land":"13900","certified_land":"13900","year":"2012","township_code":"19","board_bldg":"39588","township_name":"Lemont","class":"278","pin":"22354060210000","mailed_land":"13900","nbhd":"19060","certified_bldg":"39588"}},{"type":"Feature","geometry":null,"properties":{"board_tot":"48697","certified_tot":"53488","mailed_tot":"53488","mailed_bldg":"39588","board_land":"13900","certified_land":"13900","year":"2013","township_code":"19","board_bldg":"34797","township_name":"Lemont","class":"278","pin":"22354060210000","mailed_land":"13900","nbhd":"19060","certified_bldg":"39588"}},{"type":"Feature","geometry":null,"properties":{"board_tot":"50142","certified_tot":"50142","mailed_tot":"50142","mailed_bldg":"36242","board_land":"13900","certified_land":"13900","year":"2014","township_code":"19","board_bldg":"36242","township_name":"Lemont","class":"278","pin":"22354060210000","mailed_land":"13900","nbhd":"19060","certified_bldg":"36242"}},{"type":"Feature","geometry":null,"properties":{"board_tot":"50142","certified_tot":"50142","mailed_tot":"50142","mailed_bldg":"36242","board_land":"13900","certified_land":"13900","year":"2015","township_code":"19","board_bldg":"36242","township_name":"Lemont","class":"278","pin":"22354060210000","mailed_land":"13900","nbhd":"19060","certified_bldg":"36242"}},{"type":"Feature","geometry":null,"properties":{"board_tot":"50142","certified_tot":"50142","mailed_tot":"50142","mailed_bldg":"36242","board_land":"13900","certified_land":"13900","year":"2016","township_code":"19","board_bldg":"36242","township_name":"Lemont","class":"278","pin":"22354060210000","mailed_land":"13900","nbhd":"19060","certified_bldg":"36242"}},{"type":"Feature","geometry":null,"properties":{"board_tot":"54912","certified_tot":"54912","mailed_tot":"54912","mailed_bldg":"38085","board_land":"16827","certified_land":"16827","year":"2017","township_code":"19","board_bldg":"38085","township_name":"Lemont","class":"278","pin":"22354060210000","mailed_land":"16827","nbhd":"19060","certified_bldg":"38085"}},{"type":"Feature","geometry":null,"properties":{"board_tot":"54912","certified_tot":"54912","mailed_tot":"54912","mailed_bldg":"38085","board_land":"16827","certified_land":"16827","year":"2018","township_code":"19","board_bldg":"38085","township_name":"Lemont","class":"278","pin":"22354060210000","mailed_land":"16827","nbhd":"19060","certified_bldg":"38085"}},{"type":"Feature","geometry":null,"properties":{"board_tot":"49115","certified_tot":"54912","mailed_tot":"54912","mailed_bldg":"38085","board_land":"16827","certified_land":"16827","year":"2019","township_code":"19","board_bldg":"32288","township_name":"Lemont","class":"278","pin":"22354060210000","mailed_land":"16827","nbhd":"19060","certified_bldg":"38085"}},{"type":"Feature","geometry":null,"properties":{"board_tot":"62068","certified_tot":"62068","mailed_tot":"62068","mailed_bldg":"45241","board_land":"16827","certified_land":"16827","year":"2020","township_code":"19","board_bldg":"45241","township_name":"Lemont","class":"278","pin":"22354060210000","mailed_land":"16827","nbhd":"19060","certified_bldg":"45241"}},{"type":"Feature","geometry":null,"properties":{"board_tot":"62068","certified_tot":"62068","mailed_tot":"62068","mailed_bldg":"45241","board_land":"16827","certified_land":"16827","year":"2021","township_code":"19","board_bldg":"45241","township_name":"Lemont","class":"278","pin":"22354060210000","mailed_land":"16827","nbhd":"19060","certified_bldg":"45241"}},{"type":"Feature","geometry":null,"properties":{"board_tot":"62068","certified_tot":"62068","mailed_tot":"62068","mailed_bldg":"45241","board_land":"16827","certified_land":"16827","year":"2022","township_code":"19","board_bldg":"45241","township_name":"Lemont","class":"278","pin":"22354060210000","mailed_land":"16827","nbhd":"19060","certified_bldg":"45241"}},{"type":"Feature","geometry":null,"properties":{"board_tot":"58618","certified_tot":"65000","mailed_tot":"65000","mailed_bldg":"45978","board_land":"19022","certified_land":"19022","year":"2023","township_code":"19","board_bldg":"39596","township_name":"Lemont","class":"278","pin":"22354060210000","mailed_land":"19022","nbhd":"19060","certified_bldg":"45978"}},{"type":"Feature","geometry":null,"properties":{"board_tot":"57219","certified_tot":"57219","mailed_tot":"57219","mailed_bldg":"49961","board_land":"7258","certified_land":"7258","year":"2005","township_code":"19","board_bldg":"49961","township_name":"Lemont","class":"278","pin":"22354060220000","mailed_land":"7258","nbhd":"19060","certified_bldg":"49961"}},{"type":"Feature","geometry":null,"properties":{"board_tot":"57219","certified_tot":"57219","mailed_tot":"57219","mailed_bldg":"49961","board_land":"7258","certified_land":"7258","year":"2006","township_code":"19","board_bldg":"49961","township_name":"Lemont","class":"278","pin":"22354060220000","mailed_land":"7258","nbhd":"19060","certified_bldg":"49961"}},{"type":"Feature","geometry":null,"properties":{"board_tot":"57219","certified_tot":"57219","mailed_tot":"57219","mailed_bldg":"49961","board_land":"7258","certified_land":"7258","year":"2007","township_code":"19","board_bldg":"49961","township_name":"Lemont","class":"278","pin":"22354060220000","mailed_land":"7258","nbhd":"19060","certified_bldg":"49961"}},{"type":"Feature","geometry":null,"properties":{"board_tot":"64009","certified_tot":"64009","mailed_tot":"64009","mailed_bldg":"41024","board_land":"22985","certified_land":"22985","year":"2008","township_code":"19","board_bldg":"41024","township_name":"Lemont","class":"278","pin":"22354060220000","mailed_land":"22985","nbhd":"19060","certified_bldg":"41024"}},{"type":"Feature","geometry":null,"properties":{"board_tot":"60808","certified_tot":"60808","mailed_tot":"60808","mailed_bldg":"46443","board_land":"14365","certified_land":"14365","year":"2009","township_code":"19","board_bldg":"46443","township_name":"Lemont","class":"278","pin":"22354060220000","mailed_land":"14365","nbhd":"19060","certified_bldg":"46443"}},{"type":"Feature","geometry":null,"properties":{"board_tot":"60808","certified_tot":"60808","mailed_tot":"60808","mailed_bldg":"46443","board_land":"14365","certified_land":"14365","year":"2010","township_code":"19","board_bldg":"46443","township_name":"Lemont","class":"278","pin":"22354060220000","mailed_land":"14365","nbhd":"19060","certified_bldg":"46443"}},{"type":"Feature","geometry":null,"properties":{"board_tot":"54654","certified_tot":"54654","mailed_tot":"54654","mailed_bldg":"40289","board_land":"14365","certified_land":"14365","year":"2011","township_code":"19","board_bldg":"40289","township_name":"Lemont","class":"278","pin":"22354060220000","mailed_land":"14365","nbhd":"19060","certified_bldg":"40289"}},{"type":"Feature","geometry":null,"properties":{"board_tot":"54654","certified_tot":"54654","mailed_tot":"54654","mailed_bldg":"40289","board_land":"14365","certified_land":"14365","year":"2012","township_code":"19","board_bldg":"40289","township_name":"Lemont","class":"278","pin":"22354060220000","mailed_land":"14365","nbhd":"19060","certified_bldg":"40289"}},{"type":"Feature","geometry":null,"properties":{"board_tot":"54654","certified_tot":"54654","mailed_tot":"54654","mailed_bldg":"40289","board_land":"14365","certified_land":"14365","year":"2013","township_code":"19","board_bldg":"40289","township_name":"Lemont","class":"278","pin":"22354060220000","mailed_land":"14365","nbhd":"19060","certified_bldg":"40289"}},{"type":"Feature","geometry":null,"properties":{"board_tot":"51138","certified_tot":"51138","mailed_tot":"51138","mailed_bldg":"36773","board_land":"14365","certified_land":"14365","year":"2014","township_code":"19","board_bldg":"36773","township_name":"Lemont","class":"278","pin":"22354060220000","mailed_land":"14365","nbhd":"19060","certified_bldg":"36773"}},{"type":"Feature","geometry":null,"properties":{"board_tot":"51138","certified_tot":"51138","mailed_tot":"51138","mailed_bldg":"36773","board_land":"14365","certified_land":"14365","year":"2015","township_code":"19","board_bldg":"36773","township_name":"Lemont","class":"278","pin":"22354060220000","mailed_land":"14365","nbhd":"19060","certified_bldg":"36773"}},{"type":"Feature","geometry":null,"properties":{"board_tot":"51138","certified_tot":"51138","mailed_tot":"51138","mailed_bldg":"36773","board_land":"14365","certified_land":"14365","year":"2016","township_code":"19","board_bldg":"36773","township_name":"Lemont","class":"278","pin":"22354060220000","mailed_land":"14365","nbhd":"19060","certified_bldg":"36773"}},{"type":"Feature","geometry":null,"properties":{"board_tot":"47500","certified_tot":"50543","mailed_tot":"55442","mailed_bldg":"38052","board_land":"17390","certified_land":"17390","year":"2017","township_code":"19","board_bldg":"30110","township_name":"Lemont","class":"278","pin":"22354060220000","mailed_land":"17390","nbhd":"19060","certified_bldg":"33153"}},{"type":"Feature","geometry":null,"properties":{"board_tot":"47500","certified_tot":"47500","mailed_tot":"47500","mailed_bldg":"30110","board_land":"17390","certified_land":"17390","year":"2018","township_code":"19","board_bldg":"30110","township_name":"Lemont","class":"278","pin":"22354060220000","mailed_land":"17390","nbhd":"19060","certified_bldg":"30110"}},{"type":"Feature","geometry":null,"properties":{"board_tot":"47500","certified_tot":"47500","mailed_tot":"47500","mailed_bldg":"30110","board_land":"17390","certified_land":"17390","year":"2019","township_code":"19","board_bldg":"30110","township_name":"Lemont","class":"278","pin":"22354060220000","mailed_land":"17390","nbhd":"19060","certified_bldg":"30110"}},{"type":"Feature","geometry":null,"properties":{"board_tot":"47342","certified_tot":"53050","mailed_tot":"53050","mailed_bldg":"35660","board_land":"17390","certified_land":"17390","year":"2020","township_code":"19","board_bldg":"29952","township_name":"Lemont","class":"278","pin":"22354060220000","mailed_land":"17390","nbhd":"19060","certified_bldg":"35660"}},{"type":"Feature","geometry":null,"properties":{"board_tot":"47342","certified_tot":"47342","mailed_tot":"47342","mailed_bldg":"29952","board_land":"17390","certified_land":"17390","year":"2021","township_code":"19","board_bldg":"29952","township_name":"Lemont","class":"278","pin":"22354060220000","mailed_land":"17390","nbhd":"19060","certified_bldg":"29952"}},{"type":"Feature","geometry":null,"properties":{"board_tot":"47342","certified_tot":"47342","mailed_tot":"47342","mailed_bldg":"29952","board_land":"17390","certified_land":"17390","year":"2022","township_code":"19","board_bldg":"29952","township_name":"Lemont","class":"278","pin":"22354060220000","mailed_land":"17390","nbhd":"19060","certified_bldg":"29952"}},{"type":"Feature","geometry":null,"properties":{"board_tot":"56313","certified_tot":"62715","mailed_tot":"66000","mailed_bldg":"46341","board_land":"19659","certified_land":"19659","year":"2023","township_code":"19","board_bldg":"36654","township_name":"Lemont","class":"278","pin":"22354060220000","mailed_land":"19659","nbhd":"19060","certified_bldg":"43056"}},{"type":"Feature","geometry":null,"properties":{"board_tot":"0.0","certified_tot":"0.0","mailed_tot":"0.0","mailed_bldg":"0.0","board_land":"0.0","certified_land":"0.0","year":"2024","township_code":"23","board_bldg":"0.0","township_name":"New Trier","class":"EX","pin":"05294070470000","mailed_land":"0.0","nbhd":"23092","certified_bldg":"0.0"}},{"type":"Feature","geometry":null,"properties":{"board_tot":null,"certified_tot":null,"mailed_tot":null,"mailed_bldg":null,"board_land":null,"certified_land":null,"year":"2025","township_code":"21","board_bldg":null,"township_name":"Lyons","class":"203","pin":"18132080130000","mailed_land":null,"nbhd":"21091","certified_bldg":null}},{"type":"Feature","geometry":null,"properties":{"board_tot":"35057","certified_tot":"35057","mailed_tot":"35057","mailed_bldg":"28318","board_land":"6739","certified_land":"6739","year":"1999","township_code":"19","board_bldg":"28318","township_name":"Lemont","class":"278","pin":"22354070010000","mailed_land":"6739","nbhd":"19060","certified_bldg":"28318"}},{"type":"Feature","geometry":null,"properties":{"board_tot":"35057","certified_tot":"35057","mailed_tot":"35057","mailed_bldg":"28318","board_land":"6739","certified_land":"6739","year":"2000","township_code":"19","board_bldg":"28318","township_name":"Lemont","class":"278","pin":"22354070010000","mailed_land":"6739","nbhd":"19060","certified_bldg":"28318"}},{"type":"Feature","geometry":null,"properties":{"board_tot":"37307","certified_tot":"37307","mailed_tot":"37307","mailed_bldg":"30568","board_land":"6739","certified_land":"6739","year":"2001","township_code":"19","board_bldg":"30568","township_name":"Lemont","class":"278","pin":"22354070010000","mailed_land":"6739","nbhd":"19060","certified_bldg":"30568"}},{"type":"Feature","geometry":null,"properties":{"board_tot":"45926","certified_tot":"45926","mailed_tot":"45926","mailed_bldg":"39187","board_land":"6739","certified_land":"6739","year":"2002","township_code":"19","board_bldg":"39187","township_name":"Lemont","class":"278","pin":"22354070010000","mailed_land":"6739","nbhd":"19060","certified_bldg":"39187"}},{"type":"Feature","geometry":null,"properties":{"board_tot":"45926","certified_tot":"45926","mailed_tot":"45926","mailed_bldg":"39187","board_land":"6739","certified_land":"6739","year":"2003","township_code":"19","board_bldg":"39187","township_name":"Lemont","class":"278","pin":"22354070010000","mailed_land":"6739","nbhd":"19060","certified_bldg":"39187"}},{"type":"Feature","geometry":null,"properties":{"board_tot":"45926","certified_tot":"45926","mailed_tot":"45926","mailed_bldg":"39187","board_land":"6739","certified_land":"6739","year":"2004","township_code":"19","board_bldg":"39187","township_name":"Lemont","class":"278","pin":"22354070010000","mailed_land":"6739","nbhd":"19060","certified_bldg":"39187"}},{"type":"Feature","geometry":null,"properties":{"board_tot":"57098","certified_tot":"57098","mailed_tot":"57098","mailed_bldg":"49760","board_land":"7338","certified_land":"7338","year":"2005","township_code":"19","board_bldg":"49760","township_name":"Lemont","class":"208","pin":"22354070010000","mailed_land":"7338","nbhd":"19060","certified_bldg":"49760"}},{"type":"Feature","geometry":null,"properties":{"board_tot":"57098","certified_tot":"57098","mailed_tot":"57098","mailed_bldg":"49760","board_land":"7338","certified_land":"7338","year":"2006","township_code":"19","board_bldg":"49760","township_name":"Lemont","class":"208","pin":"22354070010000","mailed_land":"7338","nbhd":"19060","certified_bldg":"49760"}},{"type":"Feature","geometry":null,"properties":{"board_tot":"57098","certified_tot":"57098","mailed_tot":"57098","mailed_bldg":"49760","board_land":"7338","certified_land":"7338","year":"2007","township_code":"19","board_bldg":"49760","township_name":"Lemont","class":"208","pin":"22354070010000","mailed_land":"7338","nbhd":"19060","certified_bldg":"49760"}},{"type":"Feature","geometry":null,"properties":{"board_tot":"66766","certified_tot":"66766","mailed_tot":"66766","mailed_bldg":"43526","board_land":"23240","certified_land":"23240","year":"2008","township_code":"19","board_bldg":"43526","township_name":"Lemont","class":"208","pin":"22354070010000","mailed_land":"23240","nbhd":"19060","certified_bldg":"43526"}},{"type":"Feature","geometry":null,"properties":{"board_tot":"63427","certified_tot":"63427","mailed_tot":"63427","mailed_bldg":"48902","board_land":"14525","certified_land":"14525","year":"2009","township_code":"19","board_bldg":"48902","township_name":"Lemont","class":"208","pin":"22354070010000","mailed_land":"14525","nbhd":"19060","certified_bldg":"48902"}},{"type":"Feature","geometry":null,"properties":{"board_tot":"59377","certified_tot":"59377","mailed_tot":"59377","mailed_bldg":"44852","board_land":"14525","certified_land":"14525","year":"2010","township_code":"19","board_bldg":"44852","township_name":"Lemont","class":"208","pin":"22354070010000","mailed_land":"14525","nbhd":"19060","certified_bldg":"44852"}},{"type":"Feature","geometry":null,"properties":{"board_tot":"57725","certified_tot":"57725","mailed_tot":"57725","mailed_bldg":"43200","board_land":"14525","certified_land":"14525","year":"2011","township_code":"19","board_bldg":"43200","township_name":"Lemont","class":"208","pin":"22354070010000","mailed_land":"14525","nbhd":"19060","certified_bldg":"43200"}},{"type":"Feature","geometry":null,"properties":{"board_tot":"57725","certified_tot":"57725","mailed_tot":"57725","mailed_bldg":"43200","board_land":"14525","certified_land":"14525","year":"2012","township_code":"19","board_bldg":"43200","township_name":"Lemont","class":"208","pin":"22354070010000","mailed_land":"14525","nbhd":"19060","certified_bldg":"43200"}},{"type":"Feature","geometry":null,"properties":{"board_tot":"57725","certified_tot":"57725","mailed_tot":"57725","mailed_bldg":"43200","board_land":"14525","certified_land":"14525","year":"2013","township_code":"19","board_bldg":"43200","township_name":"Lemont","class":"208","pin":"22354070010000","mailed_land":"14525","nbhd":"19060","certified_bldg":"43200"}},{"type":"Feature","geometry":null,"properties":{"board_tot":"53042","certified_tot":"53042","mailed_tot":"53042","mailed_bldg":"38517","board_land":"14525","certified_land":"14525","year":"2014","township_code":"19","board_bldg":"38517","township_name":"Lemont","class":"208","pin":"22354070010000","mailed_land":"14525","nbhd":"19060","certified_bldg":"38517"}},{"type":"Feature","geometry":null,"properties":{"board_tot":"53042","certified_tot":"53042","mailed_tot":"53042","mailed_bldg":"38517","board_land":"14525","certified_land":"14525","year":"2015","township_code":"19","board_bldg":"38517","township_name":"Lemont","class":"208","pin":"22354070010000","mailed_land":"14525","nbhd":"19060","certified_bldg":"38517"}},{"type":"Feature","geometry":null,"properties":{"board_tot":"53042","certified_tot":"53042","mailed_tot":"53042","mailed_bldg":"38517","board_land":"14525","certified_land":"14525","year":"2016","township_code":"19","board_bldg":"38517","township_name":"Lemont","class":"208","pin":"22354070010000","mailed_land":"14525","nbhd":"19060","certified_bldg":"38517"}},{"type":"Feature","geometry":null,"properties":{"board_tot":"61078","certified_tot":"61078","mailed_tot":"61078","mailed_bldg":"43496","board_land":"17582","certified_land":"17582","year":"2017","township_code":"19","board_bldg":"43496","township_name":"Lemont","class":"208","pin":"22354070010000","mailed_land":"17582","nbhd":"19060","certified_bldg":"43496"}},{"type":"Feature","geometry":null,"properties":{"board_tot":"61078","certified_tot":"61078","mailed_tot":"61078","mailed_bldg":"43496","board_land":"17582","certified_land":"17582","year":"2018","township_code":"19","board_bldg":"43496","township_name":"Lemont","class":"208","pin":"22354070010000","mailed_land":"17582","nbhd":"19060","certified_bldg":"43496"}},{"type":"Feature","geometry":null,"properties":{"board_tot":"61078","certified_tot":"61078","mailed_tot":"61078","mailed_bldg":"43496","board_land":"17582","certified_land":"17582","year":"2019","township_code":"19","board_bldg":"43496","township_name":"Lemont","class":"208","pin":"22354070010000","mailed_land":"17582","nbhd":"19060","certified_bldg":"43496"}},{"type":"Feature","geometry":null,"properties":{"board_tot":"56305","certified_tot":"56305","mailed_tot":"56305","mailed_bldg":"38723","board_land":"17582","certified_land":"17582","year":"2020","township_code":"19","board_bldg":"38723","township_name":"Lemont","class":"208","pin":"22354070010000","mailed_land":"17582","nbhd":"19060","certified_bldg":"38723"}},{"type":"Feature","geometry":null,"properties":{"board_tot":"56306","certified_tot":"56306","mailed_tot":"56306","mailed_bldg":"38723","board_land":"17583","certified_land":"17583","year":"2021","township_code":"19","board_bldg":"38723","township_name":"Lemont","class":"208","pin":"22354070010000","mailed_land":"17583","nbhd":"19060","certified_bldg":"38723"}},{"type":"Feature","geometry":null,"properties":{"board_tot":"56306","certified_tot":"56306","mailed_tot":"56306","mailed_bldg":"38723","board_land":"17583","certified_land":"17583","year":"2022","township_code":"19","board_bldg":"38723","township_name":"Lemont","class":"208","pin":"22354070010000","mailed_land":"17583","nbhd":"19060","certified_bldg":"38723"}},{"type":"Feature","geometry":null,"properties":{"board_tot":"68000","certified_tot":"68000","mailed_tot":"68000","mailed_bldg":"48124","board_land":"19876","certified_land":"19876","year":"2023","township_code":"19","board_bldg":"48124","township_name":"Lemont","class":"208","pin":"22354070010000","mailed_land":"19876","nbhd":"19060","certified_bldg":"48124"}},{"type":"Feature","geometry":null,"properties":{"board_tot":"33879","certified_tot":"33879","mailed_tot":"33879","mailed_bldg":"27044","board_land":"6835","certified_land":"6835","year":"1999","township_code":"19","board_bldg":"27044","township_name":"Lemont","class":"278","pin":"22354070020000","mailed_land":"6835","nbhd":"19060","certified_bldg":"27044"}},{"type":"Feature","geometry":null,"properties":{"board_tot":"33879","certified_tot":"33879","mailed_tot":"33879","mailed_bldg":"27044","board_land":"6835","certified_land":"6835","year":"2000","township_code":"19","board_bldg":"27044","township_name":"Lemont","class":"278","pin":"22354070020000","mailed_land":"6835","nbhd":"19060","certified_bldg":"27044"}},{"type":"Feature","geometry":null,"properties":{"board_tot":"33879","certified_tot":"33879","mailed_tot":"33879","mailed_bldg":"27044","board_land":"6835","certified_land":"6835","year":"2001","township_code":"19","board_bldg":"27044","township_name":"Lemont","class":"278","pin":"22354070020000","mailed_land":"6835","nbhd":"19060","certified_bldg":"27044"}},{"type":"Feature","geometry":null,"properties":{"board_tot":"41253","certified_tot":"41253","mailed_tot":"41253","mailed_bldg":"34418","board_land":"6835","certified_land":"6835","year":"2002","township_code":"19","board_bldg":"34418","township_name":"Lemont","class":"278","pin":"22354070020000","mailed_land":"6835","nbhd":"19060","certified_bldg":"34418"}},{"type":"Feature","geometry":null,"properties":{"board_tot":"41253","certified_tot":"41253","mailed_tot":"41253","mailed_bldg":"34418","board_land":"6835","certified_land":"6835","year":"2003","township_code":"19","board_bldg":"34418","township_name":"Lemont","class":"278","pin":"22354070020000","mailed_land":"6835","nbhd":"19060","certified_bldg":"34418"}},{"type":"Feature","geometry":null,"properties":{"board_tot":"41253","certified_tot":"41253","mailed_tot":"41253","mailed_bldg":"34418","board_land":"6835","certified_land":"6835","year":"2004","township_code":"19","board_bldg":"34418","township_name":"Lemont","class":"278","pin":"22354070020000","mailed_land":"6835","nbhd":"19060","certified_bldg":"34418"}},{"type":"Feature","geometry":null,"properties":{"board_tot":"52889","certified_tot":"52889","mailed_tot":"52889","mailed_bldg":"45446","board_land":"7443","certified_land":"7443","year":"2005","township_code":"19","board_bldg":"45446","township_name":"Lemont","class":"278","pin":"22354070020000","mailed_land":"7443","nbhd":"19060","certified_bldg":"45446"}},{"type":"Feature","geometry":null,"properties":{"board_tot":"52889","certified_tot":"52889","mailed_tot":"52889","mailed_bldg":"45446","board_land":"7443","certified_land":"7443","year":"2006","township_code":"19","board_bldg":"45446","township_name":"Lemont","class":"278","pin":"22354070020000","mailed_land":"7443","nbhd":"19060","certified_bldg":"45446"}},{"type":"Feature","geometry":null,"properties":{"board_tot":"52889","certified_tot":"52889","mailed_tot":"52889","mailed_bldg":"45446","board_land":"7443","certified_land":"7443","year":"2007","township_code":"19","board_bldg":"45446","township_name":"Lemont","class":"278","pin":"22354070020000","mailed_land":"7443","nbhd":"19060","certified_bldg":"45446"}},{"type":"Feature","geometry":null,"properties":{"board_tot":"48050","certified_tot":"60792","mailed_tot":"60792","mailed_bldg":"50868","board_land":"9924","certified_land":"9924","year":"2008","township_code":"19","board_bldg":"38126","township_name":"Lemont","class":"278","pin":"22354070020000","mailed_land":"9924","nbhd":"19060","certified_bldg":"50868"}},{"type":"Feature","geometry":null,"properties":{"board_tot":"45647","certified_tot":"45647","mailed_tot":"45647","mailed_bldg":"39445","board_land":"6202","certified_land":"6202","year":"2009","township_code":"19","board_bldg":"39445","township_name":"Lemont","class":"278","pin":"22354070020000","mailed_land":"6202","nbhd":"19060","certified_bldg":"39445"}},{"type":"Feature","geometry":null,"properties":{"board_tot":"45647","certified_tot":"45647","mailed_tot":"45647","mailed_bldg":"39445","board_land":"6202","certified_land":"6202","year":"2010","township_code":"19","board_bldg":"39445","township_name":"Lemont","class":"278","pin":"22354070020000","mailed_land":"6202","nbhd":"19060","certified_bldg":"39445"}},{"type":"Feature","geometry":null,"properties":{"board_tot":"46345","certified_tot":"46345","mailed_tot":"49366","mailed_bldg":"43164","board_land":"6202","certified_land":"6202","year":"2011","township_code":"19","board_bldg":"40143","township_name":"Lemont","class":"278","pin":"22354070020000","mailed_land":"6202","nbhd":"19060","certified_bldg":"40143"}},{"type":"Feature","geometry":null,"properties":{"board_tot":"40377","certified_tot":"46345","mailed_tot":"46345","mailed_bldg":"40143","board_land":"6202","certified_land":"6202","year":"2012","township_code":"19","board_bldg":"34175","township_name":"Lemont","class":"278","pin":"22354070020000","mailed_land":"6202","nbhd":"19060","certified_bldg":"40143"}},{"type":"Feature","geometry":null,"properties":{"board_tot":"40377","certified_tot":"40377","mailed_tot":"40377","mailed_bldg":"34175","board_land":"6202","certified_land":"6202","year":"2013","township_code":"19","board_bldg":"34175","township_name":"Lemont","class":"278","pin":"22354070020000","mailed_land":"6202","nbhd":"19060","certified_bldg":"34175"}},{"type":"Feature","geometry":null,"properties":{"board_tot":"93713.0","certified_tot":"97000.0","mailed_tot":"97000.0","mailed_bldg":"75880.0","board_land":"21120.0","certified_land":"21120.0","year":"2024","township_code":"23","board_bldg":"72593.0","township_name":"New Trier","class":"278","pin":"05294070590000","mailed_land":"21120.0","nbhd":"23092","certified_bldg":"75880.0"}},{"type":"Feature","geometry":null,"properties":{"board_tot":"37708","certified_tot":"41447","mailed_tot":"45925","mailed_bldg":"39723","board_land":"6202","certified_land":"6202","year":"2014","township_code":"19","board_bldg":"31506","township_name":"Lemont","class":"278","pin":"22354070020000","mailed_land":"6202","nbhd":"19060","certified_bldg":"35245"}},{"type":"Feature","geometry":null,"properties":{"board_tot":"37708","certified_tot":"37708","mailed_tot":"37708","mailed_bldg":"31506","board_land":"6202","certified_land":"6202","year":"2015","township_code":"19","board_bldg":"31506","township_name":"Lemont","class":"278","pin":"22354070020000","mailed_land":"6202","nbhd":"19060","certified_bldg":"31506"}},{"type":"Feature","geometry":null,"properties":{"board_tot":"35698","certified_tot":"37708","mailed_tot":"37708","mailed_bldg":"31506","board_land":"6202","certified_land":"6202","year":"2016","township_code":"19","board_bldg":"29496","township_name":"Lemont","class":"278","pin":"22354070020000","mailed_land":"6202","nbhd":"19060","certified_bldg":"31506"}},{"type":"Feature","geometry":null,"properties":{"board_tot":"41442","certified_tot":"41442","mailed_tot":"49642","mailed_bldg":"41889","board_land":"7753","certified_land":"7753","year":"2017","township_code":"19","board_bldg":"33689","township_name":"Lemont","class":"278","pin":"22354070020000","mailed_land":"7753","nbhd":"19060","certified_bldg":"33689"}},{"type":"Feature","geometry":null,"properties":{"board_tot":"35689","certified_tot":"41442","mailed_tot":"41442","mailed_bldg":"33689","board_land":"7753","certified_land":"7753","year":"2018","township_code":"19","board_bldg":"27936","township_name":"Lemont","class":"278","pin":"22354070020000","mailed_land":"7753","nbhd":"19060","certified_bldg":"33689"}},{"type":"Feature","geometry":null,"properties":{"board_tot":"35689","certified_tot":"35689","mailed_tot":"35689","mailed_bldg":"27936","board_land":"7753","certified_land":"7753","year":"2019","township_code":"19","board_bldg":"27936","township_name":"Lemont","class":"278","pin":"22354070020000","mailed_land":"7753","nbhd":"19060","certified_bldg":"27936"}},{"type":"Feature","geometry":null,"properties":{"board_tot":"46204","certified_tot":"46204","mailed_tot":"46204","mailed_bldg":"38451","board_land":"7753","certified_land":"7753","year":"2020","township_code":"19","board_bldg":"38451","township_name":"Lemont","class":"278","pin":"22354070020000","mailed_land":"7753","nbhd":"19060","certified_bldg":"38451"}},{"type":"Feature","geometry":null,"properties":{"board_tot":"38289","certified_tot":"46205","mailed_tot":"46205","mailed_bldg":"38451","board_land":"7754","certified_land":"7754","year":"2021","township_code":"19","board_bldg":"30535","township_name":"Lemont","class":"278","pin":"22354070020000","mailed_land":"7754","nbhd":"19060","certified_bldg":"38451"}},{"type":"Feature","geometry":null,"properties":{"board_tot":"38289","certified_tot":"38289","mailed_tot":"38289","mailed_bldg":"30535","board_land":"7754","certified_land":"7754","year":"2022","township_code":"19","board_bldg":"30535","township_name":"Lemont","class":"278","pin":"22354070020000","mailed_land":"7754","nbhd":"19060","certified_bldg":"30535"}},{"type":"Feature","geometry":null,"properties":{"board_tot":"63000","certified_tot":"63000","mailed_tot":"63000","mailed_bldg":"42841","board_land":"20159","certified_land":"20159","year":"2023","township_code":"19","board_bldg":"42841","township_name":"Lemont","class":"278","pin":"22354070020000","mailed_land":"20159","nbhd":"19060","certified_bldg":"42841"}},{"type":"Feature","geometry":null,"properties":{"board_tot":"38345","certified_tot":"38345","mailed_tot":"38345","mailed_bldg":"26509","board_land":"11836","certified_land":"11836","year":"1999","township_code":"19","board_bldg":"26509","township_name":"Lemont","class":"278","pin":"22354070030000","mailed_land":"11836","nbhd":"19060","certified_bldg":"26509"}},{"type":"Feature","geometry":null,"properties":{"board_tot":"38345","certified_tot":"38345","mailed_tot":"38345","mailed_bldg":"26509","board_land":"11836","certified_land":"11836","year":"2000","township_code":"19","board_bldg":"26509","township_name":"Lemont","class":"278","pin":"22354070030000","mailed_land":"11836","nbhd":"19060","certified_bldg":"26509"}},{"type":"Feature","geometry":null,"properties":{"board_tot":"38345","certified_tot":"38345","mailed_tot":"38345","mailed_bldg":"26509","board_land":"11836","certified_land":"11836","year":"2001","township_code":"19","board_bldg":"26509","township_name":"Lemont","class":"278","pin":"22354070030000","mailed_land":"11836","nbhd":"19060","certified_bldg":"26509"}},{"type":"Feature","geometry":null,"properties":{"board_tot":"47869","certified_tot":"47869","mailed_tot":"47869","mailed_bldg":"36033","board_land":"11836","certified_land":"11836","year":"2002","township_code":"19","board_bldg":"36033","township_name":"Lemont","class":"278","pin":"22354070030000","mailed_land":"11836","nbhd":"19060","certified_bldg":"36033"}},{"type":"Feature","geometry":null,"properties":{"board_tot":"47869","certified_tot":"47869","mailed_tot":"47869","mailed_bldg":"36033","board_land":"11836","certified_land":"11836","year":"2003","township_code":"19","board_bldg":"36033","township_name":"Lemont","class":"278","pin":"22354070030000","mailed_land":"11836","nbhd":"19060","certified_bldg":"36033"}},{"type":"Feature","geometry":null,"properties":{"board_tot":"47869","certified_tot":"47869","mailed_tot":"47869","mailed_bldg":"36033","board_land":"11836","certified_land":"11836","year":"2004","township_code":"19","board_bldg":"36033","township_name":"Lemont","class":"278","pin":"22354070030000","mailed_land":"11836","nbhd":"19060","certified_bldg":"36033"}},{"type":"Feature","geometry":null,"properties":{"board_tot":"60432","certified_tot":"60432","mailed_tot":"60432","mailed_bldg":"47542","board_land":"12890","certified_land":"12890","year":"2005","township_code":"19","board_bldg":"47542","township_name":"Lemont","class":"278","pin":"22354070030000","mailed_land":"12890","nbhd":"19060","certified_bldg":"47542"}},{"type":"Feature","geometry":null,"properties":{"board_tot":"60432","certified_tot":"60432","mailed_tot":"60432","mailed_bldg":"47542","board_land":"12890","certified_land":"12890","year":"2006","township_code":"19","board_bldg":"47542","township_name":"Lemont","class":"278","pin":"22354070030000","mailed_land":"12890","nbhd":"19060","certified_bldg":"47542"}},{"type":"Feature","geometry":null,"properties":{"board_tot":"60432","certified_tot":"60432","mailed_tot":"60432","mailed_bldg":"47542","board_land":"12890","certified_land":"12890","year":"2007","township_code":"19","board_bldg":"47542","township_name":"Lemont","class":"278","pin":"22354070030000","mailed_land":"12890","nbhd":"19060","certified_bldg":"47542"}},{"type":"Feature","geometry":null,"properties":{"board_tot":"64810","certified_tot":"64810","mailed_tot":"64810","mailed_bldg":"47624","board_land":"17186","certified_land":"17186","year":"2008","township_code":"19","board_bldg":"47624","township_name":"Lemont","class":"278","pin":"22354070030000","mailed_land":"17186","nbhd":"19060","certified_bldg":"47624"}},{"type":"Feature","geometry":null,"properties":{"board_tot":"61569","certified_tot":"61569","mailed_tot":"61569","mailed_bldg":"50828","board_land":"10741","certified_land":"10741","year":"2009","township_code":"19","board_bldg":"50828","township_name":"Lemont","class":"278","pin":"22354070030000","mailed_land":"10741","nbhd":"19060","certified_bldg":"50828"}}], "crs" : { "type": "name", "properties": { "name": "urn:ogc:def:crs:OGC:1.3:CRS84" } } }